  0
SECTION
  2
HEADER
  9
$ACADVER
  1
AC1024
  9
$ACADMAINTVER
 70
6
  9
$DWGCODEPAGE
  3
ANSI_1252
  9
$LASTSAVEDBY
  1
ezdxf
  9
$INSBASE
 10
0.0
 20
0.0
 30
0.0
  9
$EXTMIN
 10
1e+20
 20
1e+20
 30
1e+20
  9
$EXTMAX
 10
-1e+20
 20
-1e+20
 30
-1e+20
  9
$LIMMIN
 10
0.0
 20
0.0
  9
$LIMMAX
 10
420.0
 20
297.0
  9
$ORTHOMODE
 70
0
  9
$REGENMODE
 70
1
  9
$FILLMODE
 70
1
  9
$QTEXTMODE
 70
0
  9
$MIRRTEXT
 70
1
  9
$LTSCALE
 40
1.0
  9
$ATTMODE
 70
1
  9
$TEXTSIZE
 40
2.5
  9
$TRACEWID
 40
1.0
  9
$TEXTSTYLE
  7
Standard
  9
$CLAYER
  8
0
  9
$CELTYPE
  6
ByLayer
  9
$CECOLOR
 62
256
  9
$CELTSCALE
 40
1.0
  9
$DISPSILH
 70
0
  9
$DIMSCALE
 40
1.0
  9
$DIMASZ
 40
2.5
  9
$DIMEXO
 40
0.625
  9
$DIMDLI
 40
3.75
  9
$DIMRND
 40
0.0
  9
$DIMDLE
 40
0.0
  9
$DIMEXE
 40
1.25
  9
$DIMTP
 40
0.0
  9
$DIMTM
 40
0.0
  9
$DIMTXT
 40
2.5
  9
$DIMCEN
 40
2.5
  9
$DIMTSZ
 40
0.0
  9
$DIMTOL
 70
0
  9
$DIMLIM
 70
0
  9
$DIMTIH
 70
0
  9
$DIMTOH
 70
0
  9
$DIMSE1
 70
0
  9
$DIMSE2
 70
0
  9
$DIMTAD
 70
1
  9
$DIMZIN
 70
8
  9
$DIMBLK
  1

  9
$DIMASO
 70
1
  9
$DIMSHO
 70
1
  9
$DIMPOST
  1

  9
$DIMAPOST
  1

  9
$DIMALT
 70
0
  9
$DIMALTD
 70
3
  9
$DIMALTF
 40
0.03937007874
  9
$DIMLFAC
 40
1.0
  9
$DIMTOFL
 70
1
  9
$DIMTVP
 40
0.0
  9
$DIMTIX
 70
0
  9
$DIMSOXD
 70
0
  9
$DIMSAH
 70
0
  9
$DIMBLK1
  1

  9
$DIMBLK2
  1

  9
$DIMSTYLE
  2
ISO-25
  9
$DIMCLRD
 70
0
  9
$DIMCLRE
 70
0
  9
$DIMCLRT
 70
0
  9
$DIMTFAC
 40
1.0
  9
$DIMGAP
 40
0.625
  9
$DIMJUST
 70
0
  9
$DIMSD1
 70
0
  9
$DIMSD2
 70
0
  9
$DIMTOLJ
 70
0
  9
$DIMTZIN
 70
8
  9
$DIMALTZ
 70
0
  9
$DIMALTTZ
 70
0
  9
$DIMUPT
 70
0
  9
$DIMDEC
 70
2
  9
$DIMTDEC
 70
2
  9
$DIMALTU
 70
2
  9
$DIMALTTD
 70
3
  9
$DIMTXSTY
  7
Standard
  9
$DIMAUNIT
 70
0
  9
$DIMADEC
 70
0
  9
$DIMALTRND
 40
0.0
  9
$DIMAZIN
 70
0
  9
$DIMDSEP
 70
44
  9
$DIMATFIT
 70
3
  9
$DIMFRAC
 70
0
  9
$DIMLDRBLK
  1

  9
$DIMLUNIT
 70
2
  9
$DIMLWD
 70
-2
  9
$DIMLWE
 70
-2
  9
$DIMTMOVE
 70
0
  9
$DIMFXL
 40
1.0
  9
$DIMFXLON
 70
0
  9
$DIMJOGANG
 40
0.785398163397
  9
$DIMTFILL
 70
0
  9
$DIMTFILLCLR
 70
0
  9
$DIMARCSYM
 70
0
  9
$DIMLTYPE
  6

  9
$DIMLTEX1
  6

  9
$DIMLTEX2
  6

  9
$DIMTXTDIRECTION
 70
0
  9
$LUNITS
 70
2
  9
$LUPREC
 70
4
  9
$SKETCHINC
 40
1.0
  9
$FILLETRAD
 40
10.0
  9
$AUNITS
 70
0
  9
$AUPREC
 70
2
  9
$MENU
  1
.
  9
$ELEVATION
 40
0.0
  9
$PELEVATION
 40
0.0
  9
$THICKNESS
 40
0.0
  9
$LIMCHECK
 70
0
  9
$CHAMFERA
 40
0.0
  9
$CHAMFERB
 40
0.0
  9
$CHAMFERC
 40
0.0
  9
$CHAMFERD
 40
0.0
  9
$SKPOLY
 70
0
  9
$TDCREATE
 40
2461274.454270833
  9
$TDUCREATE
 40
2458532.153996898
  9
$TDUPDATE
 40
2461274.454270833
  9
$TDUUPDATE
 40
2458532.1544311
  9
$TDINDWG
 40
0.0
  9
$TDUSRTIMER
 40
0.0
  9
$USRTIMER
 70
1
  9
$ANGBASE
 50
0.0
  9
$ANGDIR
 70
0
  9
$PDMODE
 70
0
  9
$PDSIZE
 40
0.0
  9
$PLINEWID
 40
0.0
  9
$SPLFRAME
 70
0
  9
$SPLINETYPE
 70
6
  9
$SPLINESEGS
 70
8
  9
$HANDSEED
  5
39
  9
$SURFTAB1
 70
6
  9
$SURFTAB2
 70
6
  9
$SURFTYPE
 70
6
  9
$SURFU
 70
6
  9
$SURFV
 70
6
  9
$UCSBASE
  2

  9
$UCSNAME
  2

  9
$UCSORG
 10
0.0
 20
0.0
 30
0.0
  9
$UCSXDIR
 10
1.0
 20
0.0
 30
0.0
  9
$UCSYDIR
 10
0.0
 20
1.0
 30
0.0
  9
$UCSORTHOREF
  2

  9
$UCSORTHOVIEW
 70
0
  9
$UCSORGTOP
 10
0.0
 20
0.0
 30
0.0
  9
$UCSORGBOTTOM
 10
0.0
 20
0.0
 30
0.0
  9
$UCSORGLEFT
 10
0.0
 20
0.0
 30
0.0
  9
$UCSORGRIGHT
 10
0.0
 20
0.0
 30
0.0
  9
$UCSORGFRONT
 10
0.0
 20
0.0
 30
0.0
  9
$UCSORGBACK
 10
0.0
 20
0.0
 30
0.0
  9
$PUCSBASE
  2

  9
$PUCSNAME
  2

  9
$PUCSORG
 10
0.0
 20
0.0
 30
0.0
  9
$PUCSXDIR
 10
1.0
 20
0.0
 30
0.0
  9
$PUCSYDIR
 10
0.0
 20
1.0
 30
0.0
  9
$PUCSORTHOREF
  2

  9
$PUCSORTHOVIEW
 70
0
  9
$PUCSORGTOP
 10
0.0
 20
0.0
 30
0.0
  9
$PUCSORGBOTTOM
 10
0.0
 20
0.0
 30
0.0
  9
$PUCSORGLEFT
 10
0.0
 20
0.0
 30
0.0
  9
$PUCSORGRIGHT
 10
0.0
 20
0.0
 30
0.0
  9
$PUCSORGFRONT
 10
0.0
 20
0.0
 30
0.0
  9
$PUCSORGBACK
 10
0.0
 20
0.0
 30
0.0
  9
$USERI1
 70
0
  9
$USERI2
 70
0
  9
$USERI3
 70
0
  9
$USERI4
 70
0
  9
$USERI5
 70
0
  9
$USERR1
 40
0.0
  9
$USERR2
 40
0.0
  9
$USERR3
 40
0.0
  9
$USERR4
 40
0.0
  9
$USERR5
 40
0.0
  9
$WORLDVIEW
 70
1
  9
$SHADEDGE
 70
3
  9
$SHADEDIF
 70
70
  9
$TILEMODE
 70
1
  9
$MAXACTVP
 70
64
  9
$PINSBASE
 10
0.0
 20
0.0
 30
0.0
  9
$PLIMCHECK
 70
0
  9
$PEXTMIN
 10
1e+20
 20
1e+20
 30
1e+20
  9
$PEXTMAX
 10
-1e+20
 20
-1e+20
 30
-1e+20
  9
$PLIMMIN
 10
0.0
 20
0.0
  9
$PLIMMAX
 10
420.0
 20
297.0
  9
$UNITMODE
 70
0
  9
$VISRETAIN
 70
1
  9
$PLINEGEN
 70
0
  9
$PSLTSCALE
 70
1
  9
$TREEDEPTH
 70
3020
  9
$CMLSTYLE
  2
Standard
  9
$CMLJUST
 70
0
  9
$CMLSCALE
 40
20.0
  9
$PROXYGRAPHICS
 70
1
  9
$MEASUREMENT
 70
1
  9
$CELWEIGHT
370
-1
  9
$ENDCAPS
280
0
  9
$JOINSTYLE
280
0
  9
$LWDISPLAY
290
0
  9
$INSUNITS
 70
4
  9
$HYPERLINKBASE
  1

  9
$STYLESHEET
  1

  9
$XEDIT
290
1
  9
$CEPSNTYPE
380
0
  9
$PSTYLEMODE
290
1
  9
$FINGERPRINTGUID
  2
{FF99AB10-4B8D-40FD-A5CE-18C07C589269}
  9
$VERSIONGUID
  2
{4DAD1270-0EC0-4A63-A96B-006B292959B9}
  9
$EXTNAMES
290
1
  9
$PSVPSCALE
 40
0.0
  9
$OLESTARTUP
290
0
  9
$SORTENTS
280
127
  9
$INDEXCTL
280
0
  9
$HIDETEXT
280
1
  9
$XCLIPFRAME
280
0
  9
$HALOGAP
280
0
  9
$OBSCOLOR
 70
257
  9
$OBSLTYPE
280
0
  9
$INTERSECTIONDISPLAY
280
0
  9
$INTERSECTIONCOLOR
 70
257
  9
$DIMASSOC
280
2
  9
$PROJECTNAME
  1

  9
$CAMERADISPLAY
290
0
  9
$LENSLENGTH
 40
50.0
  9
$CAMERAHEIGHT
 40
0.0
  9
$STEPSPERSEC
 40
24.0
  9
$STEPSIZE
 40
100.0
  9
$3DDWFPREC
 40
2.0
  9
$PSOLWIDTH
 40
0.005
  9
$PSOLHEIGHT
 40
0.08
  9
$LOFTANG1
 40
1.570796326795
  9
$LOFTANG2
 40
1.570796326795
  9
$LOFTMAG1
 40
0.0
  9
$LOFTMAG2
 40
0.0
  9
$LOFTPARAM
 70
7
  9
$LOFTNORMALS
280
1
  9
$LATITUDE
 40
37.795
  9
$LONGITUDE
 40
-122.394
  9
$NORTHDIRECTION
 40
0.0
  9
$TIMEZONE
 70
-8000
  9
$LIGHTGLYPHDISPLAY
280
1
  9
$TILEMODELIGHTSYNCH
280
1
  9
$CMATERIAL
347
20
  9
$SOLIDHIST
280
0
  9
$SHOWHIST
280
1
  9
$DWFFRAME
280
2
  9
$DGNFRAME
280
2
  9
$REALWORLDSCALE
290
1
  9
$INTERFERECOLOR
 62
256
  9
$CSHADOW
280
0
  9
$SHADOWPLANELOCATION
 40
0.0
  0
ENDSEC
  0
SECTION
  2
CLASSES
  0
CLASS
  1
ACDBDICTIONARYWDFLT
  2
AcDbDictionaryWithDefault
  3
ObjectDBX Classes
 90
0
 91
0
280
0
281
0
  0
CLASS
  1
SUN
  2
AcDbSun
  3
SCENEOE
 90
1153
 91
0
280
0
281
0
  0
CLASS
  1
VISUALSTYLE
  2
AcDbVisualStyle
  3
ObjectDBX Classes
 90
4095
 91
0
280
0
281
0
  0
CLASS
  1
MATERIAL
  2
AcDbMaterial
  3
ObjectDBX Classes
 90
1153
 91
0
280
0
281
0
  0
CLASS
  1
SCALE
  2
AcDbScale
  3
ObjectDBX Classes
 90
1153
 91
0
280
0
281
0
  0
CLASS
  1
TABLESTYLE
  2
AcDbTableStyle
  3
ObjectDBX Classes
 90
4095
 91
0
280
0
281
0
  0
CLASS
  1
MLEADERSTYLE
  2
AcDbMLeaderStyle
  3
ACDB_MLEADERSTYLE_CLASS
 90
4095
 91
0
280
0
281
0
  0
CLASS
  1
DICTIONARYVAR
  2
AcDbDictionaryVar
  3
ObjectDBX Classes
 90
0
 91
0
280
0
281
0
  0
CLASS
  1
CELLSTYLEMAP
  2
AcDbCellStyleMap
  3
ObjectDBX Classes
 90
1152
 91
0
280
0
281
0
  0
CLASS
  1
MENTALRAYRENDERSETTINGS
  2
AcDbMentalRayRenderSettings
  3
SCENEOE
 90
1024
 91
0
280
0
281
0
  0
CLASS
  1
ACDBDETAILVIEWSTYLE
  2
AcDbDetailViewStyle
  3
ObjectDBX Classes
 90
1025
 91
0
280
0
281
0
  0
CLASS
  1
ACDBSECTIONVIEWSTYLE
  2
AcDbSectionViewStyle
  3
ObjectDBX Classes
 90
1025
 91
0
280
0
281
0
  0
CLASS
  1
RASTERVARIABLES
  2
AcDbRasterVariables
  3
ISM
 90
0
 91
0
280
0
281
0
  0
CLASS
  1
ACDBPLACEHOLDER
  2
AcDbPlaceHolder
  3
ObjectDBX Classes
 90
0
 91
0
280
0
281
0
  0
CLASS
  1
LAYOUT
  2
AcDbLayout
  3
ObjectDBX Classes
 90
0
 91
0
280
0
281
0
  0
ENDSEC
  0
SECTION
  2
TABLES
  0
TABLE
  2
VPORT
  5
8
330
0
100
AcDbSymbolTable
 70
1
  0
VPORT
  5
23
330
8
100
AcDbSymbolTableRecord
100
AcDbViewportTableRecord
  2
*Active
 70
0
 10
0.0
 20
0.0
 11
1.0
 21
1.0
 12
0.0
 22
0.0
 13
0.0
 23
0.0
 14
0.5
 24
0.5
 15
0.5
 25
0.5
 16
0.0
 26
0.0
 36
1.0
 17
0.0
 27
0.0
 37
0.0
 40
1000.0
 41
1.34
 42
50.0
 43
0.0
 44
0.0
 50
0.0
 51
0.0
 71
0
 72
1000
 73
1
 74
3
 75
0
 76
0
 77
0
 78
0
281
0
 65
0
146
0.0
  0
ENDTAB
  0
TABLE
  2
LTYPE
  5
2
330
0
100
AcDbSymbolTable
 70
3
  0
LTYPE
  5
24
330
2
100
AcDbSymbolTableRecord
100
AcDbLinetypeTableRecord
  2
ByBlock
 70
0
  3

 72
65
 73
0
 40
0.0
  0
LTYPE
  5
25
330
2
100
AcDbSymbolTableRecord
100
AcDbLinetypeTableRecord
  2
ByLayer
 70
0
  3

 72
65
 73
0
 40
0.0
  0
LTYPE
  5
26
330
2
100
AcDbSymbolTableRecord
100
AcDbLinetypeTableRecord
  2
Continuous
 70
0
  3

 72
65
 73
0
 40
0.0
  0
ENDTAB
  0
TABLE
  2
LAYER
  5
1
330
0
100
AcDbSymbolTable
 70
2
  0
LAYER
  5
27
330
1
100
AcDbSymbolTableRecord
100
AcDbLayerTableRecord
  2
0
 70
0
 62
7
  6
Continuous
370
-3
390
13
347
21
  0
LAYER
  5
28
330
1
100
AcDbSymbolTableRecord
100
AcDbLayerTableRecord
  2
Defpoints
 70
0
 62
7
  6
Continuous
290
0
370
-3
390
13
347
21
  0
ENDTAB
  0
TABLE
  2
STYLE
  5
5
330
0
100
AcDbSymbolTable
 70
1
  0
STYLE
  5
29
330
5
100
AcDbSymbolTableRecord
100
AcDbTextStyleTableRecord
  2
Standard
 70
0
 40
0.0
 41
1.0
 50
0.0
 71
0
 42
2.5
  3
txt
  4

  0
ENDTAB
  0
TABLE
  2
VIEW
  5
7
330
0
100
AcDbSymbolTable
 70
0
  0
ENDTAB
  0
TABLE
  2
UCS
  5
6
330
0
100
AcDbSymbolTable
 70
0
  0
ENDTAB
  0
TABLE
  2
APPID
  5
3
330
0
100
AcDbSymbolTable
 70
3
  0
APPID
  5
2A
330
3
100
AcDbSymbolTableRecord
100
AcDbRegAppTableRecord
  2
ACAD
 70
0
  0
APPID
  5
36
330
3
100
AcDbSymbolTableRecord
100
AcDbRegAppTableRecord
  2
HATCHBACKGROUNDCOLOR
 70
0
  0
APPID
  5
37
330
3
100
AcDbSymbolTableRecord
100
AcDbRegAppTableRecord
  2
EZDXF
 70
0
  0
ENDTAB
  0
TABLE
  2
DIMSTYLE
  5
4
330
0
100
AcDbSymbolTable
 70
1
100
AcDbDimStyleTable
  0
DIMSTYLE
105
2B
330
4
100
AcDbSymbolTableRecord
100
AcDbDimStyleTableRecord
  2
Standard
 70
0
 40
1.0
 41
2.5
 42
0.625
 43
3.75
 44
1.25
 45
0.0
 46
0.0
 47
0.0
 48
0.0
 49
2.5
140
2.5
141
2.5
142
0.0
143
0.03937007874
144
1.0
145
0.0
146
1.0
147
0.625
148
0.0
 69
0
 70
0
 71
0
 72
0
 73
0
 74
0
 75
0
 76
0
 77
1
 78
8
 79
3
170
0
171
3
172
1
173
0
174
0
175
0
176
0
177
0
178
0
179
2
271
2
272
2
273
2
274
3
275
0
276
0
277
2
278
44
279
0
280
0
281
0
282
0
283
0
284
8
285
0
286
0
288
0
289
3
290
0
371
-2
372
-2
  0
ENDTAB
  0
TABLE
  2
BLOCK_RECORD
  5
9
330
0
100
AcDbSymbolTable
 70
2
  0
BLOCK_RECORD
  5
17
330
9
100
AcDbSymbolTableRecord
100
AcDbBlockTableRecord
  2
*Model_Space
340
1A
 70
0
280
1
281
0
  0
BLOCK_RECORD
  5
1B
330
9
100
AcDbSymbolTableRecord
100
AcDbBlockTableRecord
  2
*Paper_Space
340
1E
 70
0
280
1
281
0
  0
ENDTAB
  0
ENDSEC
  0
SECTION
  2
BLOCKS
  0
BLOCK
  5
18
330
17
100
AcDbEntity
  8
0
100
AcDbBlockBegin
  2
*Model_Space
 70
0
 10
0.0
 20
0.0
 30
0.0
  3
*Model_Space
  1

  0
ENDBLK
  5
19
330
17
100
AcDbEntity
  8
0
100
AcDbBlockEnd
  0
BLOCK
  5
1C
330
1B
100
AcDbEntity
  8
0
100
AcDbBlockBegin
  2
*Paper_Space
 70
0
 10
0.0
 20
0.0
 30
0.0
  3
*Paper_Space
  1

  0
ENDBLK
  5
1D
330
1B
100
AcDbEntity
  8
0
100
AcDbBlockEnd
  0
ENDSEC
  0
SECTION
  2
ENTITIES
  0
SPLINE
  5
2F
330
17
100
AcDbEntity
  8
0
100
AcDbSpline
 70
1
 71
3
 72
3206
 73
3202
 74
0
 40
0.0
 40
0.0
 40
0.0
 40
0.0
 40
0.001650772158298242
 40
0.002988867868575324
 40
0.003942498506168184
 40
0.004592339621224274
 40
0.005036885283301479
 40
0.005349511725724468
 40
0.005578663579757815
 40
0.0057556068675507395
 40
0.005900711206259583
 40
0.006027497958957691
 40
0.006145115671826287
 40
0.006259851332439525
 40
0.006376068207687425
 40
0.006496801215335466
 40
0.006624144244976896
 40
0.006759508322368629
 40
0.006903797752511022
 40
0.007057533004725187
 40
0.007220938281170075
 40
0.007394005203375229
 40
0.0075765400556374015
 40
0.007768199519320101
 40
0.007968518230660585
 40
0.008176930451652591
 40
0.008392787452381978
 40
0.008615371737803613
 40
0.008843908934034217
 40
0.009077577929281653
 40
0.009315519710739089
 40
0.009556845230428834
 40
0.009800642556437844
 40
0.010045983512176402
 40
0.01029192996918243
 40
0.010537539934619845
 40
0.010781873560472876
 40
0.011023999196103177
 40
0.011262999608786881
 40
0.011497978508374534
 40
0.011728067533466077
 40
0.011952433889631322
 40
0.012170288878734404
 40
0.012380897627699233
 40
0.012583590423154555
 40
0.012777776197459005
 40
0.012962958909993596
 40
0.013138757853416715
 40
0.013304933331367974
 40
0.013461419770471748
 40
0.013608369255257434
 40
0.013746209888801703
 40
0.013875725581873928
 40
0.013998167362744186
 40
0.014115411948321194
 40
0.014230192655109844
 40
0.014346443490569585
 40
0.01446982438404897
 40
0.01460854282602811
 40
0.01477466979720349
 40
0.014986287614730006
 40
0.015271014789563582
 40
0.015671609056057658
 40
0.016253629300001564
 40
0.017109807465593072
 40
0.018335329183147068
 40
0.019919439755366017
 40
0.021609429652261702
 40
0.023055236252727495
 40
0.02411380930325093
 40
0.024839714979072457
 40
0.02533417509570323
 40
0.025678602158453207
 40
0.02592780116794101
 40
0.0261171989646489
 40
0.026269778020986387
 40
0.02640070831995293
 40
0.02652020045469619
 40
0.026635243639206843
 40
0.026750678194220022
 40
0.026869871782376237
 40
0.026995156256472672
 40
0.02712811684492637
 40
0.027269788169662672
 40
0.027420790145214764
 40
0.027581424244962224
 40
0.02775174311182604
 40
0.027931601907464392
 40
0.02812069693753609
 40
0.028318595274378973
 40
0.028524757921626582
 40
0.028738558289177037
 40
0.028959297226660484
 40
0.029186215509556183
 40
0.02941850442803428
 40
0.029655314958406946
 40
0.029895765877390023
 40
0.030138951094837704
 40
0.030383946421033627
 40
0.03062981594322168
 40
0.030875618158358816
 40
0.03112041199219022
 40
0.03136326282698512
 40
0.03160324866086038
 40
0.03183946653061679
 40
0.032071039348312354
 40
0.032297123331246916
 40
0.03251691624871042
 40
0.03272966677151219
 40
0.03293468529914595
 40
0.03313135676525445
 40
0.033319156101136845
 40
0.03349766729424206
 40
0.033666607352286104
 40
0.033825857033969134
 40
0.03397550103008222
 40
0.034115881529488884
 40
0.034247671039768036
 40
0.03437197338458358
 40
0.03449046671166774
 40
0.03460561041643985
 40
0.03472095143049066
 40
0.03484158850790294
 40
0.034974893461829325
 40
0.035131658838743196
 40
0.035327962592524
 40
0.03558823048976856
 40
0.0359501807424155
 40
0.0364720488915028
 40
0.03723920610786611
 40
0.03835250757585089
 40
0.03984838241565651
 40
0.04154641421150301
 40
0.04308868377597841
 40
0.044257779166335276
 40
0.04506836427040454
 40
0.04561939050021057
 40
0.046000038482663416
 40
0.046272132688651574
 40
0.04647583280557296
 40
0.04663710768237073
 40
0.046773004544804604
 40
0.04689493515959386
 40
0.047010676893530064
 40
0.047125601381781186
 40
0.0472434441416534
 40
0.04736679826788428
 40
0.04749743899341295
 40
0.04763654222682686
 40
0.04778483510753908
 40
0.04794270201156115
 40
0.04811026076119516
 40
0.048287418525796516
 40
0.04847391363791598
 40
0.04866934748613498
 40
0.04887320931622155
 40
0.04908489589960891
 40
0.04930372744587476
 40
0.04952896074129835
 40
0.049759800224479726
 40
0.0499954075215365
 40
0.050234909831133226
 40
0.05047740745624295
 40
0.05072198071364616
 40
0.050967696406120186
 40
0.051213614011010454
 40
0.051458791719122016
 40
0.05170229244761683
 40
0.05194318994883609
 40
0.052180575143507366
 40
0.05241356282229587
 40
0.052641298885669485
 40
0.05286296833125848
 40
0.05307780425452232
 40
0.05328509820897917
 40
0.05348421238612192
 40
0.05367459423691497
 40
0.05385579438844089
 40
0.05402748904469203
 40
0.05418950855249151
 40
0.05434187454582794
 40
0.05448484918960366
 40
0.05461900174891915
 40
0.0547453003843435
 40
0.05486524135214542
 40
0.05498103477676312
 40
0.05509587782023484
 40
0.05521436591954545
 40
0.055343127144309875
 40
0.05549182487041475
 40
0.05567477819395617
 40
0.055913619592456144
 40
0.056241627618174334
 40
0.05671034256848143
 40
0.057397155947226344
 40
0.05840241494649197
 40
0.059795350813519825
 40
0.06146945760240573
 40
0.06309000009363937
 40
0.06437205890998361
 40
0.06527594881321896
 40
0.06589088167514805
 40
0.06631274826968489
 40
0.06661096756245698
 40
0.06683105749941781
 40
0.06700239989186807
 40
0.0671441828010921
 40
0.0672691793525323
 40
0.06738605347115965
 40
0.06750076983160924
 40
0.06761747146595684
 40
0.06773903882576686
 40
0.0678674547587242
 40
0.06800404860849368
 40
0.06814966330338149
 40
0.0683047722855213
 40
0.06846956308197605
 40
0.06864399825793868
 40
0.06882786075901777
 40
0.0690207883026129
 40
0.06922229997376435
 40
0.06943181719838085
 40
0.06964868061414677
 40
0.06987216391905386
 40
0.07010148547610841
 40
0.07033581824389276
 40
0.07057429845643051
 40
0.0708160333727107
 40
0.07106010834340172
 40
0.07130559339117463
 40
0.07155154946596827
 40
0.07179703451374117
 40
0.07204110948443218
 40
0.07228284440071236
 40
0.07252132461325013
 40
0.07275565738103448
 40
0.07298497893808903
 40
0.07320846224299613
 40
0.07342532565876203
 40
0.07363484288337854
 40
0.07383635455452997
 40
0.07402928209812511
 40
0.07421314459920421
 40
0.07438757977516683
 40
0.07455237057162158
 40
0.07470747955376139
 40
0.07485309424864922
 40
0.07498968809841867
 40
0.075118104031376
 40
0.07523967139118604
 40
0.07535637302553365
 40
0.07547108938598322
 40
0.07558796350461058
 40
0.0757129600560508
 40
0.07585474296527484
 40
0.07602608535772508
 40
0.0762461752946859
 40
0.076544394587458
 40
0.07696626118199486
 40
0.07758119404392391
 40
0.07848508394715933
 40
0.07976714276350345
 40
0.08138768525473716
 40
0.08306179204362306
 40
0.08445472791065091
 40
0.08545998690991652
 40
0.0861468002886614
 40
0.08661551523896854
 40
0.08694352326468671
 40
0.0871823646631867
 40
0.0873653179867281
 40
0.08751401571283299
 40
0.08764277693759741
 40
0.08776126503690801
 40
0.08787610808037973
 40
0.0879919015049974
 40
0.08811184247279932
 40
0.08823814110822369
 40
0.08837229366753914
 40
0.0885152683113149
 40
0.0886676343046513
 40
0.08882965381245077
 40
0.08900134846870192
 40
0.08918254862022783
 40
0.08937293047102088
 40
0.08957204464816365
 40
0.0897793386026205
 40
0.08999417452588435
 40
0.09021584397147331
 40
0.09044358003484694
 40
0.09067656771363544
 40
0.09091395290830671
 40
0.09115485040952596
 40
0.09139835113802078
 40
0.09164352884613229
 40
0.0918894464510226
 40
0.0921351621434966
 40
0.09237973540089985
 40
0.09262223302600953
 40
0.09286173533560627
 40
0.09309734263266305
 40
0.09332818211584443
 40
0.09355341541126803
 40
0.09377224695753388
 40
0.09398393354092124
 40
0.09418779537100777
 40
0.0943832292192268
 40
0.09456972433134626
 40
0.09474688209594762
 40
0.09491444084558164
 40
0.0950723077496037
 40
0.09522060063031593
 40
0.09535970386372981
 40
0.09549034458925848
 40
0.09561369871548937
 40
0.09573154147536157
 40
0.0958464659636127
 40
0.0959622076975489
 40
0.09608413831233817
 40
0.09622003517477204
 40
0.09638131005156984
 40
0.0965850101684912
 40
0.09685710437447938
 40
0.0972377523569322
 40
0.09778877858673828
 40
0.09859936369080752
 40
0.09976845908116444
 40
0.10131072864563982
 40
0.10300876044148623
 40
0.1045046352812919
 40
0.10561793674927668
 40
0.10638509396564003
 40
0.10690696211472726
 40
0.10726891236737422
 40
0.10752918026461876
 40
0.10772548401839958
 40
0.10788224939531346
 40
0.10801555434923983
 40
0.10813619142665214
 40
0.10825153244070296
 40
0.10836667614547507
 40
0.10848516947255925
 40
0.10860947181737475
 40
0.10874126132765394
 40
0.10888164182706057
 40
0.10903128582317367
 40
0.10919053550485669
 40
0.10935947556290072
 40
0.10953798675600594
 40
0.10972578609188838
 40
0.10992245755799686
 40
0.1101274760856306
 40
0.11034022660843242
 40
0.11056001952589593
 40
0.11078610350883047
 40
0.11101767632652605
 40
0.11125389419628244
 40
0.1114938800301577
 40
0.11173673086495262
 40
0.11198152469878402
 40
0.11222732691392116
 40
0.11247319643610923
 40
0.11271819176230513
 40
0.11296137697975284
 40
0.11320182789873588
 40
0.11343863842910856
 40
0.11367092734758667
 40
0.11389784563048236
 40
0.1141185845679658
 40
0.11433238493551628
 40
0.11453854758276388
 40
0.11473644591960674
 40
0.11492554094967847
 40
0.11510539974531682
 40
0.11527571861218061
 40
0.11543635271192809
 40
0.11558735468748019
 40
0.11572902601221646
 40
0.11586198660067017
 40
0.1159872710747666
 40
0.11610646466292285
 40
0.11622189921793602
 40
0.11633694240244666
 40
0.1164564345371899
 40
0.11658736483615642
 40
0.11673994389249391
 40
0.1169293416892018
 40
0.11717854069868963
 40
0.1175229677614396
 40
0.11801742787807036
 40
0.11874333355389187
 40
0.11980190660441535
 40
0.12124771320488119
 40
0.12293770310177682
 40
0.12452181367399583
 40
0.12574733539154975
 40
0.12660351355714128
 40
0.12718553380108524
 40
0.1275861280675793
 40
0.1278708552424129
 40
0.12808247305993936
 40
0.12824860003111474
 40
0.12838731847309387
 40
0.12851069936657328
 40
0.128626950202033
 40
0.12874173090882166
 40
0.1288589754943987
 40
0.1289814172752689
 40
0.12911093296834117
 40
0.12924877360188544
 40
0.1293957230866711
 40
0.12955220952577487
 40
0.12971838500372615
 40
0.12989418394714927
 40
0.13007936665968384
 40
0.1302735524339883
 40
0.13047624522944362
 40
0.13068685397840843
 40
0.13090470896751152
 40
0.13112907532367676
 40
0.1313591643487683
 40
0.13159414324835597
 40
0.13183314366103965
 40
0.13207526929666996
 40
0.13231960292252298
 40
0.1325652128879604
 40
0.13281115934496646
 40
0.133056500300705
 40
0.13330029762671403
 40
0.13354162314640375
 40
0.13377956492786117
 40
0.1340132339231086
 40
0.13424177111933921
 40
0.13446435540476084
 40
0.13468021240549022
 40
0.1348886246264822
 40
0.1350889433378227
 40
0.1352806028015054
 40
0.13546313765376758
 40
0.13563620457597275
 40
0.13579960985241765
 40
0.13595334510463178
 40
0.1360976345347742
 40
0.13623299861216595
 40
0.13636034164180735
 40
0.1364810746494554
 40
0.13659729152470326
 40
0.13671202718531653
 40
0.13682964489818514
 40
0.13695643165088325
 40
0.13710153598959207
 40
0.137278479277385
 40
0.13750763113141834
 40
0.13782025757384136
 40
0.13826480323591853
 40
0.13891464435097464
 40
0.13986827498856744
 40
0.1412063706988446
 40
0.1428571428571429
 40
0.14450791501544105
 40
0.14584601072571818
 40
0.14679964136331097
 40
0.14744948247836706
 40
0.14789402814044425
 40
0.14820665458286722
 40
0.14843580643690057
 40
0.1486127497246935
 40
0.14875785406340233
 40
0.14888464081610045
 40
0.14900225852896903
 40
0.1491169941895823
 40
0.14923321106483017
 40
0.14935394407247823
 40
0.14948128710211964
 40
0.14961665117951137
 40
0.14976094060965375
 40
0.1499146758618679
 40
0.1500780811383128
 40
0.15025114806051795
 40
0.15043368291278014
 40
0.15062534237646283
 40
0.1508256610878033
 40
0.1510340733087953
 40
0.15124993030952466
 40
0.15147251459494632
 40
0.1517010517911769
 40
0.15193472078642437
 40
0.1521726625678818
 40
0.15241398808757153
 40
0.15265778541358055
 40
0.1529031263693191
 40
0.15314907282632512
 40
0.15339468279176255
 40
0.1536390164176156
 40
0.1538811420532459
 40
0.1541201424659296
 40
0.15435512136551724
 40
0.1545852103906088
 40
0.15480957674677406
 40
0.15502743173587716
 40
0.15523804048484197
 40
0.15544073328029728
 40
0.15563491905460172
 40
0.15582010176713632
 40
0.15599590071055944
 40
0.1561620761885107
 40
0.15631856262761448
 40
0.15646551211240017
 40
0.15660335274594442
 40
0.15673286843901665
 40
0.1568553102198869
 40
0.15697255480546396
 40
0.1570873355122526
 40
0.15720358634771237
 40
0.15732696724119175
 40
0.15746568568317088
 40
0.15763181265434628
 40
0.1578434304718728
 40
0.15812815764670637
 40
0.15852875191320043
 40
0.15911077215714436
 40
0.1599669503227358
 40
0.1611924720402898
 40
0.16277658261250882
 40
0.16446657250940444
 40
0.16591237910987028
 40
0.16697095216039365
 40
0.16769685783621519
 40
0.16819131795284595
 40
0.16853574501559596
 40
0.16878494402508376
 40
0.16897434182179163
 40
0.1691269208781291
 40
0.16925785117709566
 40
0.16937734331183893
 40
0.1694923864963496
 40
0.1696078210513628
 40
0.169727014639519
 40
0.16985229911361543
 40
0.16998525970206912
 40
0.17012693102680543
 40
0.1702779330023575
 40
0.17043856710210495
 40
0.17060888596896878
 40
0.17078874476460712
 40
0.17097783979467882
 40
0.1711757381315217
 40
0.1713819007787693
 40
0.17159570114631978
 40
0.17181644008380323
 40
0.17204335836669893
 40
0.17227564728517705
 40
0.1725124578155497
 40
0.17275290873453278
 40
0.17299609395198046
 40
0.17324108927817633
 40
0.17348695880036438
 40
0.17373276101550153
 40
0.17397755484933292
 40
0.17422040568412786
 40
0.17446039151800308
 40
0.1746966093877595
 40
0.17492818220545506
 40
0.1751542661883896
 40
0.17537405910585316
 40
0.17558680962865492
 40
0.17579182815628866
 40
0.17598849962239715
 40
0.17617629895827958
 40
0.1763548101513848
 40
0.17652375020942881
 40
0.17668299989111183
 40
0.17683264388722492
 40
0.1769730243866316
 40
0.17710481389691074
 40
0.17722911624172627
 40
0.17734760956881046
 40
0.17746275327358255
 40
0.17757809428763335
 40
0.1776987313650456
 40
0.17783203631897201
 40
0.17798880169588585
 40
0.1781851054496667
 40
0.17844537334691124
 40
0.1788073235995582
 40
0.17932919174864548
 40
0.18009634896500876
 40
0.1812096504329936
 40
0.1827055252727993
 40
0.18440355706864558
 40
0.1859458266331211
 40
0.187114922023478
 40
0.18792550712754727
 40
0.18847653335735332
 40
0.1888571813398061
 40
0.1891292755457943
 40
0.18933297566271567
 40
0.18949425053951346
 40
0.18963014740194734
 40
0.18975207801673655
 40
0.1898678197506728
 40
0.18998274423892386
 40
0.1901005869987961
 40
0.190223941125027
 40
0.19035458185055565
 40
0.19049368508396955
 40
0.19064197796468177
 40
0.19079984486870386
 40
0.19096740361833783
 40
0.1911445613829392
 40
0.19133105649505866
 40
0.19152649034327768
 40
0.19173035217336426
 40
0.1919420387567516
 40
0.19216087030301743
 40
0.19238610359844105
 40
0.19261694308162242
 40
0.1928525503786792
 40
0.1930920526882759
 40
0.1933345503133856
 40
0.19357912357078885
 40
0.19382483926326285
 40
0.19407075686815317
 40
0.19431593457626467
 40
0.1945594353047595
 40
0.19480033280597875
 40
0.19503771800065003
 40
0.19527070567943855
 40
0.19549844174281214
 40
0.19572011118840113
 40
0.19593494711166498
 40
0.19614224106612183
 40
0.1963413552432646
 40
0.19653173709405763
 40
0.19671293724558353
 40
0.1968846319018347
 40
0.19704665140963418
 40
0.1971990174029706
 40
0.19734199204674632
 40
0.19747614460606178
 40
0.19760244324148613
 40
0.1977223842092881
 40
0.19783817763390577
 40
0.19795302067737747
 40
0.19807150877668808
 40
0.19820027000145254
 40
0.19834896772755742
 40
0.19853192105109885
 40
0.19877076244959882
 40
0.199098770475317
 40
0.19956748542562414
 40
0.20025429880436907
 40
0.20125955780363455
 40
0.20265249367066254
 40
0.2043266004595485
 40
0.20594714295078198
 40
0.20722920176712623
 40
0.20813309167036162
 40
0.20874802453229066
 40
0.2091698911268275
 40
0.20946811041959962
 40
0.20968820035656044
 40
0.2098595427490107
 40
0.21000132565823473
 40
0.21012632220967495
 40
0.2102431963283023
 40
0.2103579126887519
 40
0.21047461432309944
 40
0.21059618168290947
 40
0.21072459761586684
 40
0.2108611914656363
 40
0.2110068061605241
 40
0.21116191514266391
 40
0.21132670593911868
 40
0.21150114111508134
 40
0.2116850036161604
 40
0.2118779311597556
 40
0.212079442830907
 40
0.21228896005552347
 40
0.2125058234712894
 40
0.21272930677619653
 40
0.21295862833325105
 40
0.21319296110103542
 40
0.21343144131357317
 40
0.21367317622985335
 40
0.2139172512005444
 40
0.2141627362483173
 40
0.2144086923231109
 40
0.21465417737088385
 40
0.21489825234157486
 40
0.21513998725785505
 40
0.2153784674703928
 40
0.21561280023817717
 40
0.2158421217952317
 40
0.2160656051001388
 40
0.21628246851590474
 40
0.21649198574052123
 40
0.21669349741167268
 40
0.2168864249552678
 40
0.21707028745634693
 40
0.21724472263230954
 40
0.21740951342876427
 40
0.21756462241090407
 40
0.21771023710579188
 40
0.21784683095556134
 40
0.21797524688851871
 40
0.21809681424832875
 40
0.21821351588267635
 40
0.21832823224312592
 40
0.2184451063617533
 40
0.2185701029131935
 40
0.21871188582241752
 40
0.21888322821486783
 40
0.21910331815182865
 40
0.21940153744460072
 40
0.21982340403913755
 40
0.22043833690106657
 40
0.22134222680430193
 40
0.22262428562064618
 40
0.22424482811187985
 40
0.22591893490076578
 40
0.22731187076779352
 40
0.22831712976705915
 40
0.22900394314580408
 40
0.22947265809611123
 40
0.2298006661218294
 40
0.23003950752032934
 40
0.23022246084387077
 40
0.23037115856997564
 40
0.23049991979474005
 40
0.23061840789405064
 40
0.2307332509375224
 40
0.23084904436214007
 40
0.23096898532994203
 40
0.23109528396536638
 40
0.23122943652468184
 40
0.23137241116845758
 40
0.231524777161794
 40
0.2316867966695935
 40
0.23185849132584463
 40
0.23203969147737052
 40
0.2322300733281636
 40
0.23242918750530636
 40
0.2326364814597632
 40
0.23285131738302706
 40
0.23307298682861602
 40
0.23330072289198964
 40
0.23353371057077815
 40
0.23377109576544944
 40
0.2340119932666687
 40
0.23425549399516352
 40
0.23450067170327504
 40
0.23474658930816536
 40
0.2349923050006394
 40
0.23523687825804257
 40
0.2354793758831523
 40
0.235718878192749
 40
0.23595448548980577
 40
0.23618532497298714
 40
0.23641055826841076
 40
0.23662938981467657
 40
0.23684107639806393
 40
0.23704493822815045
 40
0.2372403720763695
 40
0.23742686718848896
 40
0.23760402495309027
 40
0.2377715837027243
 40
0.2379294506067464
 40
0.23807774348745858
 40
0.23821684672087248
 40
0.23834748744640114
 40
0.23847084157263207
 40
0.23858868433250427
 40
0.23870360882075536
 40
0.23881935055469156
 40
0.23894128116948085
 40
0.23907717803191472
 40
0.23923845290871248
 40
0.23944215302563385
 40
0.239714247231622
 40
0.24009489521407482
 40
0.2406459214438809
 40
0.24145650654795014
 40
0.24262560193830707
 40
0.2441678715027823
 40
0.2458659032986288
 40
0.24736177813843452
 40
0.24847507960641932
 40
0.24924223682278263
 40
0.24976410497186985
 40
0.2501260552245168
 40
0.2503863231217614
 40
0.2505826268755422
 40
0.25073939225245606
 40
0.25087269720638244
 40
0.2509933342837947
 40
0.25110867529784553
 40
0.25122381900261764
 40
0.25134231232970183
 40
0.25146661467451736
 40
0.2515984041847965
 40
0.25173878468420313
 40
0.25188842868031625
 40
0.2520476783619993
 40
0.25221661842004334
 40
0.2523951296131486
 40
0.25258292894903095
 40
0.25277960041513947
 40
0.25298461894277324
 40
0.25319736946557503
 40
0.2534171623830385
 40
0.2536432463659731
 40
0.25387481918366867
 40
0.254111037053425
 40
0.2543510228873003
 40
0.25459387372209524
 40
0.25483866755592666
 40
0.25508446977106375
 40
0.2553303392932518
 40
0.2555753346194477
 40
0.2558185198368954
 40
0.25605897075587847
 40
0.2562957812862512
 40
0.25652807020472923
 40
0.25675498848762496
 40
0.2569757274251084
 40
0.25718952779265886
 40
0.2573956904399065
 40
0.2575935887767493
 40
0.25778268380682107
 40
0.2579625426024594
 40
0.25813286146932324
 40
0.2582934955690707
 40
0.25844449754462273
 40
0.2585861688693591
 40
0.2587191294578128
 40
0.2588444139319092
 40
0.2589636075200655
 40
0.25907904207507865
 40
0.25919408525958926
 40
0.25931357739433253
 40
0.2594445076932991
 40
0.2595970867496366
 40
0.25978648454634445
 40
0.2600356835558323
 40
0.2603801106185823
 40
0.26087457073521303
 40
0.2616004764110346
 40
0.262659049461558
 40
0.26410485606202383
 40
0.26579484595891956
 40
0.2673789565311385
 40
0.2686044782486924
 40
0.2694606564142839
 40
0.27004267665822784
 40
0.2704432709247219
 40
0.2707279980995555
 40
0.270939615917082
 40
0.27110574288825734
 40
0.2712444613302365
 40
0.2713678422237159
 40
0.27148409305917565
 40
0.27159887376596425
 40
0.2717161183515413
 40
0.2718385601324116
 40
0.27196807582548377
 40
0.27210591645902804
 40
0.2722528659438137
 40
0.27240935238291747
 40
0.27257552786086875
 40
0.27275132680429187
 40
0.27293650951682646
 40
0.2731306952911309
 40
0.2733333880865862
 40
0.27354399683555103
 40
0.2737618518246541
 40
0.27398621818081936
 40
0.27421630720591095
 40
0.27445128610549857
 40
0.2746902865181823
 40
0.2749324121538126
 40
0.2751767457796656
 40
0.275422355745103
 40
0.27566830220210903
 40
0.2759136431578476
 40
0.27615744048385665
 40
0.2763987660035464
 40
0.27663670778500377
 40
0.2768703767802513
 40
0.27709891397648184
 40
0.2773214982619035
 40
0.27753735526263285
 40
0.2777457674836249
 40
0.27794608619496536
 40
0.2781377456586481
 40
0.27832028051091023
 40
0.2784933474331154
 40
0.2786567527095603
 40
0.27881048796177443
 40
0.2789547773919169
 40
0.2790901414693086
 40
0.27921748449895
 40
0.27933821750659804
 40
0.2794544343818459
 40
0.2795691700424592
 40
0.2796867877553278
 40
0.27981357450802585
 40
0.2799586788467347
 40
0.28013562213452764
 40
0.28036477398856097
 40
0.280677400430984
 40
0.2811219460930611
 40
0.28177178720811724
 40
0.2827254178457101
 40
0.28406351355598725
 40
0.2857142857142856
 40
0.28736505787258365
 40
0.28870315358286075
 40
0.2896567842204536
 40
0.29030662533550966
 40
0.2907511709975869
 40
0.2910637974400099
 40
0.2912929492940432
 40
0.2914698925818361
 40
0.29161499692054493
 40
0.29174178367324305
 40
0.29185940138611166
 40
0.2919741370467249
 40
0.2920903539219728
 40
0.29221108692962083
 40
0.2923384299592623
 40
0.292473794036654
 40
0.2926180834667964
 40
0.29277181871901053
 40
0.29293522399545546
 40
0.2931082909176606
 40
0.29329082576992277
 40
0.2934824852336055
 40
0.29368280394494595
 40
0.29389121616593794
 40
0.29410707316666734
 40
0.294329657452089
 40
0.2945581946483196
 40
0.294791863643567
 40
0.2950298054250245
 40
0.2952711309447142
 40
0.2955149282707232
 40
0.29576026922646176
 40
0.2960062156834678
 40
0.29625182564890523
 40
0.29649615927475825
 40
0.29673828491038856
 40
0.29697728532307227
 40
0.29721226422265995
 40
0.2974423532477515
 40
0.2976667196039167
 40
0.2978845745930198
 40
0.2980951833419846
 40
0.2982978761374399
 40
0.2984920619117444
 40
0.29867724462427897
 40
0.2988530435677021
 40
0.2990192190456533
 40
0.29917570548475714
 40
0.2993226549695428
 40
0.2994604956030871
 40
0.2995900112961593
 40
0.29971245307702954
 40
0.2998296976626066
 40
0.29994447836939525
 40
0.30006072920485494
 40
0.30018411009833434
 40
0.3003228285403135
 40
0.30048895551148885
 40
0.30070057332901534
 40
0.300985300503849
 40
0.30138589477034305
 40
0.301967915014287
 40
0.3028240931798786
 40
0.30404961489743243
 40
0.30563372546965145
 40
0.3073237153665472
 40
0.30876952196701296
 40
0.3098280950175364
 40
0.3105540006933578
 40
0.3110484608099886
 40
0.31139288787273856
 40
0.31164208688222633
 40
0.31183148467893423
 40
0.31198406373527166
 40
0.31211499403423826
 40
0.3122344861689815
 40
0.3123495293534921
 40
0.3124649639085053
 40
0.3125841574966615
 40
0.31270944197075795
 40
0.31284240255921164
 40
0.31298407388394794
 40
0.3131350758595
 40
0.3132957099592475
 40
0.3134660288261113
 40
0.31364588762174966
 40
0.31383498265182136
 40
0.3140328809886642
 40
0.3142390436359118
 40
0.31445284400346224
 40
0.3146735829409457
 40
0.3149005012238414
 40
0.3151327901423195
 40
0.31536960067269215
 40
0.31561005159167527
 40
0.315853236809123
 40
0.31609823213531885
 40
0.3163441016575069
 40
0.3165899038726441
 40
0.3168346977064755
 40
0.3170775485412704
 40
0.31731753437514565
 40
0.31755375224490207
 40
0.31778532506259766
 40
0.3180114090455322
 40
0.3182312019629957
 40
0.3184439524857975
 40
0.31864897101343126
 40
0.3188456424795398
 40
0.3190334418154222
 40
0.31921195300852745
 40
0.31938089306657147
 40
0.3195401427482545
 40
0.3196897867443676
 40
0.3198301672437742
 40
0.3199619567540534
 40
0.32008625909886895
 40
0.32020475242595314
 40
0.32031989613072526
 40
0.32043523714477606
 40
0.32055587422218834
 40
0.3206891791761147
 40
0.3208459445530286
 40
0.32104224830680944
 40
0.321302516204054
 40
0.32166446645670094
 40
0.3221863346057882
 40
0.32295349182215155
 40
0.32406679329013643
 40
0.32556266812994217
 40
0.3272606999257885
 40
0.3288029694902639
 40
0.32997206488062075
 40
0.33078264998469004
 40
0.331333676214496
 40
0.33171432419694885
 40
0.331986418402937
 40
0.33219011851985836
 40
0.3323513933966562
 40
0.3324872902590901
 40
0.33260922087387934
 40
0.33272496260781553
 40
0.33283988709606666
 40
0.3329577298559389
 40
0.33308108398216973
 40
0.33321172470769844
 40
0.33335082794111237
 40
0.3334991208218246
 40
0.3336569877258467
 40
0.33382454647548065
 40
0.3340017042400821
 40
0.3341881993522015
 40
0.3343836332004205
 40
0.33458749503050705
 40
0.3347991816138943
 40
0.3350180131601602
 40
0.3352432464555838
 40
0.33547408593876515
 40
0.33570969323582195
 40
0.33594919554541863
 40
0.3361916931705283
 40
0.33643626642793156
 40
0.3366819821204056
 40
0.3369278997252959
 40
0.33717307743340746
 40
0.3374165781619023
 40
0.33765747566312154
 40
0.3378948608577928
 40
0.3381278485365813
 40
0.3383555845999549
 40
0.3385772540455439
 40
0.3387920899688078
 40
0.3389993839232646
 40
0.33919849810040736
 40
0.33938887995120043
 40
0.3395700801027263
 40
0.3397417747589775
 40
0.339903794266777
 40
0.3400561602601134
 40
0.34019913490388914
 40
0.34033328746320457
 40
0.3404595860986289
 40
0.34057952706643085
 40
0.3406953204910485
 40
0.3408101635345202
 40
0.3409286516338308
 40
0.34105741285859525
 40
0.34120611058470013
 40
0.3413890639082416
 40
0.34162790530674153
 40
0.3419559133324597
 40
0.3424246282827669
 40
0.34311144166151164
 40
0.34411670066077726
 40
0.3455096365278052
 40
0.347183743316691
 40
0.34880428580792466
 40
0.3500863446242689
 40
0.35099023452750433
 40
0.35160516738943337
 40
0.3520270339839703
 40
0.3523252532767423
 40
0.35254534321370307
 40
0.3527166856061534
 40
0.3528584685153774
 40
0.3529834650668176
 40
0.35310033918544503
 40
0.3532150555458946
 40
0.35333175718024223
 40
0.35345332454005224
 40
0.35358174047300966
 40
0.3537183343227791
 40
0.3538639490176669
 40
0.35401905799980665
 40
0.3541838487962614
 40
0.3543582839722241
 40
0.3545421464733032
 40
0.35473507401689836
 40
0.3549365856880498
 40
0.3551461029126663
 40
0.35536296632843223
 40
0.35558644963333935
 40
0.35581577119039387
 40
0.35605010395817827
 40
0.35628858417071607
 40
0.35653031908699623
 40
0.35677439405768724
 40
0.35701987910546024
 40
0.35726583518025384
 40
0.3575113202280268
 40
0.3577553951987178
 40
0.357997130114998
 40
0.3582356103275358
 40
0.35846994309532015
 40
0.3586992646523747
 40
0.35892274795728185
 40
0.35913961137304784
 40
0.3593491285976643
 40
0.3595506402688158
 40
0.35974356781241085
 40
0.35992743031348995
 40
0.36010186548945256
 40
0.3602666562859073
 40
0.36042176526804715
 40
0.3605673799629349
 40
0.3607039738127044
 40
0.3608323897456618
 40
0.3609539571054718
 40
0.3610706587398194
 40
0.361185375100269
 40
0.36130224921889637
 40
0.3614272457703365
 40
0.36156902867956053
 40
0.36174037107201085
 40
0.36196046100897167
 40
0.3622586803017438
 40
0.36268054689628065
 40
0.36329547975820975
 40
0.36419936966144517
 40
0.36548142847778936
 40
0.36710197096902314
 40
0.3687760777579086
 40
0.37016901362493654
 40
0.3711742726242023
 40
0.3718610860029472
 40
0.3723298009532543
 40
0.3726578089789725
 40
0.3728966503774725
 40
0.3730796037010139
 40
0.3732283014271188
 40
0.37335706265188323
 40
0.3734755507511938
 40
0.3735903937946656
 40
0.3737061872192833
 40
0.37382612818708516
 40
0.3739524268225095
 40
0.374086579381825
 40
0.37422955402560076
 40
0.37438192001893716
 40
0.37454393952673665
 40
0.37471563418298776
 40
0.37489683433451365
 40
0.37508721618530677
 40
0.3752863303624495
 40
0.3754936243169064
 40
0.37570846024017024
 40
0.3759301296857593
 40
0.3761578657491329
 40
0.3763908534279214
 40
0.37662823862259265
 40
0.3768691361238119
 40
0.3771126368523067
 40
0.3773578145604182
 40
0.37760373216530846
 40
0.3778494478577825
 40
0.37809402111518575
 40
0.37833651874029545
 40
0.3785760210498922
 40
0.378811628346949
 40
0.37904246783013035
 40
0.3792677011255539
 40
0.37948653267181975
 40
0.37969821925520714
 40
0.3799020810852937
 40
0.38009751493351274
 40
0.38028401004563217
 40
0.3804611678102336
 40
0.38062872655986757
 40
0.38078659346388966
 40
0.3809348863446018
 40
0.38107398957801575
 40
0.3812046303035445
 40
0.38132798442977534
 40
0.38144582718964753
 40
0.38156075167789866
 40
0.38167649341183485
 40
0.3817984240266241
 40
0.381934320889058
 40
0.38209559576585583
 40
0.38229929588277717
 40
0.3825713900887653
 40
0.38295203807121814
 40
0.3835030643010242
 40
0.3843136494050935
 40
0.3854827447954504
 40
0.38702501435992587
 40
0.38872304615577236
 40
0.39021892099557803
 40
0.3913322224635628
 40
0.3920993796799259
 40
0.39262124782901325
 40
0.3929831980816602
 40
0.3932434659789048
 40
0.3934397697326856
 40
0.3935965351095994
 40
0.39372984006352585
 40
0.3938504771409381
 40
0.39396581815498893
 40
0.39408096185976105
 40
0.3941994551868452
 40
0.3943237575316607
 40
0.39445554704193986
 40
0.39459592754134654
 40
0.39474557153745965
 40
0.39490482121914267
 40
0.39507376127718674
 40
0.39525227247029193
 40
0.3954400718061744
 40
0.3956367432722828
 40
0.3958417617999166
 40
0.3960545123227184
 40
0.39627430524018187
 40
0.3965003892231164
 40
0.39673196204081196
 40
0.3969681799105684
 40
0.3972081657444436
 40
0.39745101657923854
 40
0.3976958104130699
 40
0.397941612628207
 40
0.39818748215039507
 40
0.39843247747659094
 40
0.39867566269403865
 40
0.39891611361302176
 40
0.39915292414339437
 40
0.3993852130618725
 40
0.3996121313447682
 40
0.3998328702822517
 40
0.4000466706498021
 40
0.4002528332970497
 40
0.4004507316338926
 40
0.4006398266639643
 40
0.40081968545960267
 40
0.4009900043264665
 40
0.40115063842621396
 40
0.401301640401766
 40
0.4014433117265023
 40
0.401576272314956
 40
0.40170155678905245
 40
0.40182075037720866
 40
0.4019361849322219
 40
0.4020512281167325
 40
0.4021707202514758
 40
0.4023016505504423
 40
0.4024542296067798
 40
0.4026436274034877
 40
0.4028928264129755
 40
0.40323725347572553
 40
0.40373171359235616
 40
0.4044576192681777
 40
0.4055161923187013
 40
0.40696199891916696
 40
0.4086519888160629
 40
0.4102360993882817
 40
0.4114616211058356
 40
0.41231779927142725
 40
0.41289981951537114
 40
0.4133004137818652
 40
0.41358514095669874
 40
0.4137967587742253
 40
0.41396288574540063
 40
0.41410160418737973
 40
0.41422498508085914
 40
0.4143412359163189
 40
0.41445601662310755
 40
0.41457326120868454
 40
0.4146957029895549
 40
0.41482521868262706
 40
0.41496305931617133
 40
0.41511000880095705
 40
0.41526649524006076
 40
0.41543267071801204
 40
0.41560846966143516
 40
0.41579365237396976
 40
0.4159878381482742
 40
0.41619053094372954
 40
0.4164011396926943
 40
0.4166189946817974
 40
0.4168433610379626
 40
0.41707345006305413
 40
0.4173084289626418
 40
0.4175474293753255
 40
0.4177895550109558
 40
0.41803388863680885
 40
0.4182794986022463
 40
0.4185254450592523
 40
0.4187707860149909
 40
0.4190145833409999
 40
0.4192559088606897
 40
0.41949385064214706
 40
0.4197275196373945
 40
0.41995605683362514
 40
0.4201786411190468
 40
0.42039449811977614
 40
0.42060291034076813
 40
0.42080322905210865
 40
0.42099488851579137
 40
0.4211774233680535
 40
0.4213504902902587
 40
0.4215138955667035
 40
0.42166763081891767
 40
0.42181192024906006
 40
0.42194728432645184
 40
0.4220746273560933
 40
0.4221953603637413
 40
0.42231157723898916
 40
0.4224263128996024
 40
0.422543930612471
 40
0.4226707173651691
 40
0.42281582170387794
 40
0.4229927649916709
 40
0.4232219168457042
 40
0.42353454328812723
 40
0.42397908895020436
 40
0.42462893006526053
 40
0.42558256070285333
 40
0.42692065641313065
 40
0.4285714285714287
 40
0.43022220072972683
 40
0.43156029644000377
 40
0.4325139270775968
 40
0.4331637681926528
 40
0.43360831385473003
 40
0.433920940297153
 40
0.43415009215118633
 40
0.43432703543897927
 40
0.4344721397776881
 40
0.43459892653038623
 40
0.4347165442432548
 40
0.43483127990386805
 40
0.4349474967791159
 40
0.43506822978676396
 40
0.43519557281640536
 40
0.4353309368937971
 40
0.43547522632393953
 40
0.43562896157615366
 40
0.43579236685259853
 40
0.4359654337748037
 40
0.43614796862706584
 40
0.43633962809074855
 40
0.436539946802089
 40
0.43674835902308107
 40
0.4369642160238104
 40
0.43718680030923207
 40
0.43741533750546263
 40
0.4376490065007101
 40
0.4378869482821675
 40
0.43812827380185726
 40
0.43837207112786625
 40
0.43861741208360483
 40
0.43886335854061087
 40
0.43910896850604836
 40
0.4393533021319014
 40
0.43959542776753163
 40
0.4398344281802154
 40
0.4400694070798031
 40
0.4402994961048946
 40
0.44052386246105985
 40
0.44074171745016294
 40
0.4409523261991277
 40
0.44115501899458304
 40
0.4413492047688875
 40
0.4415343874814221
 40
0.4417101864248452
 40
0.4418763619027965
 40
0.4420328483419002
 40
0.4421797978266859
 40
0.4423176384602302
 40
0.4424471541533024
 40
0.4425695959341726
 40
0.4426868405197497
 40
0.4428016212265383
 40
0.4429178720619981
 40
0.4430412529554775
 40
0.44317997139745663
 40
0.4433460983686319
 40
0.4435577161861584
 40
0.44384244336099204
 40
0.44424303762748607
 40
0.44482505787143
 40
0.4456812360370214
 40
0.44690675775457567
 40
0.44849086832679447
 40
0.45018085822369036
 40
0.451626664824156
 40
0.45268523787467924
 40
0.4534111435505008
 40
0.4539056036671316
 40
0.45425003072988157
 40
0.45449922973936946
 40
0.4546886275360773
 40
0.4548412065924148
 40
0.45497213689138133
 40
0.45509162902612454
 40
0.45520667221063515
 40
0.4553221067656483
 40
0.45544130035380453
 40
0.45556658482790097
 40
0.45569954541635466
 40
0.45584121674109096
 40
0.455992218716643
 40
0.4561528528163905
 40
0.4563231716832543
 40
0.4565030304788926
 40
0.45669212550896426
 40
0.4568900238458071
 40
0.4570961864930548
 40
0.4573099868606052
 40
0.4575307257980887
 40
0.45775764408098435
 40
0.45798993299946245
 40
0.4582267435298351
 40
0.45846719444881817
 40
0.4587103796662659
 40
0.45895537499246175
 40
0.4592012445146498
 40
0.4594470467297869
 40
0.4596918405636183
 40
0.45993469139841325
 40
0.46017467723228844
 40
0.46041089510204486
 40
0.46064246791974045
 40
0.460868551902675
 40
0.46108834482013855
 40
0.4613010953429403
 40
0.46150611387057405
 40
0.4617027853366825
 40
0.461890584672565
 40
0.4620690958656702
 40
0.4622380359237142
 40
0.4623972856053972
 40
0.46254692960151034
 40
0.46268731010091696
 40
0.46281909961119616
 40
0.4629434019560117
 40
0.4630618952830959
 40
0.463177038987868
 40
0.4632923800019188
 40
0.4634130170793311
 40
0.46354632203325746
 40
0.46370308741017136
 40
0.46389939116395223
 40
0.46415965906119677
 40
0.4645216093138436
 40
0.46504347746293095
 40
0.4658106346792942
 40
0.4669239361472791
 40
0.46841981098708463
 40
0.47011784278293134
 40
0.47166011234740657
 40
0.47282920773776355
 40
0.4736397928418327
 40
0.4741908190716388
 40
0.4745714670540915
 40
0.4748435612600797
 40
0.4750472613770011
 40
0.47520853625379883
 40
0.4753444331162327
 40
0.4754663637310219
 40
0.4755821054649582
 40
0.47569702995320934
 40
0.4758148727130816
 40
0.4759382268393125
 40
0.4760688675648412
 40
0.4762079707982551
 40
0.47635626367896733
 40
0.4765141305829893
 40
0.47668168933262334
 40
0.47685884709722465
 40
0.4770453422093442
 40
0.4772407760575632
 40
0.4774446378876498
 40
0.4776563244710372
 40
0.47787515601730296
 40
0.4781003893127265
 40
0.4783312287959079
 40
0.4785668360929647
 40
0.47880633840256137
 40
0.47904883602767107
 40
0.4792934092850743
 40
0.47953912497754836
 40
0.47978504258243865
 40
0.48003022029055015
 40
0.480273721019045
 40
0.4805146185202642
 40
0.4807520037149355
 40
0.480984991393724
 40
0.48121272745709764
 40
0.48143439690268663
 40
0.4816492328259505
 40
0.48185652678040736
 40
0.48205564095755016
 40
0.48224602280834317
 40
0.48242722295986906
 40
0.4825989176161203
 40
0.48276093712391976
 40
0.48291330311725617
 40
0.4830562777610319
 40
0.4831904303203474
 40
0.48331672895577177
 40
0.48343666992357365
 40
0.48355246334819135
 40
0.4836673063916631
 40
0.4837857944909737
 40
0.4839145557157381
 40
0.484063253441843
 40
0.48424620676538443
 40
0.4844850481638845
 40
0.48481305618960263
 40
0.48528177113990983
 40
0.4859685845186547
 40
0.48697384351792056
 40
0.48836677938494794
 40
0.4900408861738341
 40
0.4916614286650676
 40
0.492943487481412
 40
0.49384737738464723
 40
0.4944623102465764
 40
0.49488417684111324
 40
0.4951823961338853
 40
0.49540248607084614
 40
0.49557382846329645
 40
0.49571561137252046
 40
0.4958406079239606
 40
0.49595748204258805
 40
0.4960721984030376
 40
0.49618890003738525
 40
0.4963104673971952
 40
0.49643888333015257
 40
0.496575477179922
 40
0.4967210918748098
 40
0.4968762008569496
 40
0.4970409916534044
 40
0.49721542682936704
 40
0.49739928933044614
 40
0.4975922168740413
 40
0.4977937285451927
 40
0.49800324576980926
 40
0.49822010918557513
 40
0.49844359249048226
 40
0.49867291404753683
 40
0.4989072468153211
 40
0.4991457270278589
 40
0.49938746194413913
 40
0.49963153691483014
 40
0.4998770219626031
 40
0.5001229780373967
 40
0.5003684630851697
 40
0.5006125380558607
 40
0.5008542729721409
 40
0.5010927531846787
 40
0.501327085952463
 40
0.5015564075095175
 40
0.5017798908144246
 40
0.5019967542301905
 40
0.502206271454807
 40
0.5024077831259585
 40
0.5026007106695536
 40
0.5027845731706327
 40
0.5029590083465953
 40
0.5031237991430502
 40
0.5032789081251899
 40
0.5034245228200777
 40
0.5035611166698473
 40
0.5036895326028046
 40
0.5038110999626145
 40
0.5039278015969622
 40
0.5040425179574117
 40
0.5041593920760391
 40
0.5042843886274794
 40
0.5044261715367033
 40
0.5045975139291535
 40
0.5048176038661144
 40
0.5051158231588865
 40
0.5055376897534234
 40
0.5061526226153524
 40
0.5070565125185881
 40
0.5083385713349322
 40
0.5099591138261661
 40
0.5116332206150518
 40
0.5130261564820794
 40
0.5140314154813449
 40
0.51471822886009
 40
0.5151869438103971
 40
0.5155149518361153
 40
0.5157537932346152
 40
0.5159367465581566
 40
0.5160854442842615
 40
0.516214205509026
 40
0.5163326936083364
 40
0.5164475366518082
 40
0.5165633300764259
 40
0.5166832710442277
 40
0.5168095696796521
 40
0.5169437222389676
 40
0.5170866968827433
 40
0.5172390628760798
 40
0.5174010823838793
 40
0.5175727770401305
 40
0.5177539771916564
 40
0.5179443590424494
 40
0.5181434732195921
 40
0.518350767174049
 40
0.5185656030973129
 40
0.5187872725429019
 40
0.5190150086062755
 40
0.519247996285064
 40
0.5194853814797353
 40
0.5197262789809546
 40
0.5199697797094494
 40
0.520214957417561
 40
0.5204608750224512
 40
0.5207065907149253
 40
0.5209511639723285
 40
0.5211936615974382
 40
0.521433163907035
 40
0.5216687712040917
 40
0.5218996106872731
 40
0.5221248439826967
 40
0.5223436755289624
 40
0.5225553621123499
 40
0.5227592239424363
 40
0.5229546577906554
 40
0.5231411529027749
 40
0.5233183106673762
 40
0.5234858694170103
 40
0.5236437363210323
 40
0.5237920292017446
 40
0.5239311324351585
 40
0.5240617731606871
 40
0.5241851272869181
 40
0.5243029700467903
 40
0.5244178945350414
 40
0.5245336362689776
 40
0.5246555668837669
 40
0.5247914637462008
 40
0.5249527386229985
 40
0.52515643873992
 40
0.5254285329459082
 40
0.525809180928361
 40
0.526360207158167
 40
0.5271707922622364
 40
0.5283398876525932
 40
0.5298821572170689
 40
0.5315801890129151
 40
0.5330760638527207
 40
0.5341893653207056
 40
0.5349565225370688
 40
0.5354783906861561
 40
0.5358403409388031
 40
0.5361006088360477
 40
0.5362969125898285
 40
0.5364536779667423
 40
0.5365869829206688
 40
0.536707619998081
 40
0.5368229610121318
 40
0.536938104716904
 40
0.5370565980439881
 40
0.5371809003888036
 40
0.5373126898990828
 40
0.5374530703984894
 40
0.5376027143946026
 40
0.5377619640762856
 40
0.5379309041343296
 40
0.5381094153274348
 40
0.5382972146633173
 40
0.5384938861294257
 40
0.5386989046570595
 40
0.5389116551798613
 40
0.5391314480973247
 40
0.5393575320802593
 40
0.539589104897955
 40
0.5398253227677113
 40
0.5400653086015866
 40
0.5403081594363816
 40
0.540552953270213
 40
0.5407987554853502
 40
0.5410446250075382
 40
0.5412896203337341
 40
0.5415328055511818
 40
0.5417732564701648
 40
0.5420100670005374
 40
0.5422423559190156
 40
0.5424692742019113
 40
0.5426900131393947
 40
0.5429038135069453
 40
0.5431099761541929
 40
0.5433078744910358
 40
0.5434969695211075
 40
0.5436768283167458
 40
0.5438471471836096
 40
0.5440077812833571
 40
0.5441587832589092
 40
0.5443004545836455
 40
0.5444334151720992
 40
0.5445586996461956
 40
0.5446778932343518
 40
0.5447933277893651
 40
0.5449083709738757
 40
0.5450278631086188
 40
0.5451587934075854
 40
0.5453113724639229
 40
0.5455007702606308
 40
0.5457499692701187
 40
0.5460943963328687
 40
0.5465888564494995
 40
0.547314762125321
 40
0.5483733351758443
 40
0.5498191417763103
 40
0.5515091316732058
 40
0.5530932422454247
 40
0.5543187639629789
 40
0.5551749421285702
 40
0.5557569623725143
 40
0.5561575566390082
 40
0.5564422838138419
 40
0.5566539016313683
 40
0.5568200286025436
 40
0.5569587470445229
 40
0.5570821279380023
 40
0.557198378773462
 40
0.5573131594802506
 40
0.5574304040658277
 40
0.5575528458466978
 40
0.5576823615397701
 40
0.5578202021733144
 40
0.5579671516581001
 40
0.5581236380972038
 40
0.5582898135751551
 40
0.5584656125185782
 40
0.5586507952311128
 40
0.5588449810054172
 40
0.5590476738008726
 40
0.5592582825498374
 40
0.5594761375389405
 40
0.5597005038951057
 40
0.5599305929201973
 40
0.560165571819785
 40
0.5604045722324686
 40
0.560646697868099
 40
0.560891031493952
 40
0.5611366414593894
 40
0.5613825879163954
 40
0.561627928872134
 40
0.561871726198143
 40
0.5621130517178328
 40
0.5623509934992902
 40
0.5625846624945375
 40
0.5628131996907682
 40
0.5630357839761898
 40
0.5632516409769192
 40
0.5634600531979111
 40
0.5636603719092517
 40
0.5638520313729343
 40
0.5640345662251965
 40
0.5642076331474017
 40
0.5643710384238466
 40
0.5645247736760608
 40
0.5646690631062031
 40
0.5648044271835948
 40
0.5649317702132363
 40
0.5650525032208844
 40
0.5651687200961322
 40
0.5652834557567454
 40
0.5654010734696141
 40
0.5655278602223122
 40
0.565672964561021
 40
0.565849907848814
 40
0.5660790597028472
 40
0.5663916861452702
 40
0.5668362318073475
 40
0.5674860729224035
 40
0.5684397035599965
 40
0.5697777992702735
 40
0.5714285714285721
 40
0.5730793435868697
 40
0.5744174392971471
 40
0.5753710699347397
 40
0.576020911049796
 40
0.5764654567118732
 40
0.5767780831542962
 40
0.5770072350083295
 40
0.5771841782961225
 40
0.5773292826348313
 40
0.5774560693875295
 40
0.577573687100398
 40
0.5776884227610113
 40
0.5778046396362592
 40
0.5779253726439073
 40
0.5780527156735487
 40
0.5781880797509404
 40
0.5783323691810829
 40
0.5784861044332971
 40
0.5786495097097419
 40
0.5788225766319471
 40
0.5790051114842092
 40
0.5791967709478919
 40
0.5793970896592324
 40
0.5796055018802244
 40
0.5798213588809538
 40
0.5800439431663754
 40
0.580272480362606
 40
0.5805061493578535
 40
0.5807440911393109
 40
0.5809854166590006
 40
0.5812292139850096
 40
0.5814745549407482
 40
0.5817205013977542
 40
0.5819661113631917
 40
0.5822104449890446
 40
0.5824525706246749
 40
0.5826915710373587
 40
0.5829265499369464
 40
0.5831566389620378
 40
0.583381005318203
 40
0.5835988603073061
 40
0.583809469056271
 40
0.5840121618517263
 40
0.5842063476260307
 40
0.5843915303385654
 40
0.5845673292819885
 40
0.5847335047599398
 40
0.5848899911990435
 40
0.5850369406838292
 40
0.5851747813173734
 40
0.5853042970104456
 40
0.5854267387913159
 40
0.585543983376893
 40
0.5856587640836816
 40
0.5857750149191413
 40
0.5858983958126207
 40
0.5860371142545999
 40
0.5862032412257753
 40
0.5864148590433018
 40
0.5866995862181352
 40
0.5871001804846293
 40
0.5876822007285731
 40
0.5885383788941648
 40
0.5897639006117187
 40
0.5913480111839379
 40
0.5930380010808334
 40
0.5944838076812993
 40
0.5955423807318226
 40
0.596268286407644
 40
0.5967627465242747
 40
0.5971071735870247
 40
0.5973563725965125
 40
0.5975457703932204
 40
0.5976983494495579
 40
0.5978292797485244
 40
0.5979487718832677
 40
0.5980638150677783
 40
0.5981792496227915
 40
0.5982984432109477
 40
0.5984237276850441
 40
0.5985566882734978
 40
0.5986983595982341
 40
0.5988493615737862
 40
0.5990099956735336
 40
0.5991803145403974
 40
0.5993601733360359
 40
0.5995492683661074
 40
0.5997471667029504
 40
0.5999533293501979
 40
0.6001671297177483
 40
0.6003878686552317
 40
0.6006147869381275
 40
0.6008470758566056
 40
0.6010838863869783
 40
0.6013243373059614
 40
0.6015675225234091
 40
0.601812517849605
 40
0.6020583873717931
 40
0.6023041895869301
 40
0.6025489834207616
 40
0.6027918342555565
 40
0.6030318200894317
 40
0.603268037959188
 40
0.6034996107768836
 40
0.6037256947598182
 40
0.6039454876772817
 40
0.6041582382000835
 40
0.6043632567277172
 40
0.6045599281938256
 40
0.6047477275297082
 40
0.6049262387228134
 40
0.6050951787808574
 40
0.6052544284625404
 40
0.6054040724586535
 40
0.6055444529580601
 40
0.6056762424683394
 40
0.6058005448131549
 40
0.6059190381402391
 40
0.6060341818450111
 40
0.606149522859062
 40
0.6062701599364743
 40
0.6064034648904006
 40
0.6065602302673145
 40
0.6067565340210953
 40
0.6070168019183398
 40
0.6073787521709869
 40
0.6079006203200742
 40
0.6086677775364374
 40
0.6097810790044221
 40
0.611276953844228
 40
0.6129749856400742
 40
0.6145172552045499
 40
0.6156863505949067
 40
0.6164969356989761
 40
0.617047961928782
 40
0.6174286099112349
 40
0.6177007041172231
 40
0.6179044042341444
 40
0.6180656791109421
 40
0.6182015759733761
 40
0.6183235065881653
 40
0.6184392483221015
 40
0.6185541728103526
 40
0.6186720155702249
 40
0.6187953696964558
 40
0.6189260104219844
 40
0.6190651136553983
 40
0.6192134065361105
 40
0.6193712734401324
 40
0.6195388321897665
 40
0.6197159899543679
 40
0.6199024850664874
 40
0.6200979189147064
 40
0.620301780744793
 40
0.6205134673281804
 40
0.6207322988744461
 40
0.6209575321698697
 40
0.6211883716530511
 40
0.6214239789501079
 40
0.6216634812597047
 40
0.6219059788848145
 40
0.6221505521422177
 40
0.6223962678346917
 40
0.622642185439582
 40
0.6228873631476936
 40
0.6231308638761882
 40
0.6233717613774075
 40
0.6236091465720788
 40
0.6238421342508672
 40
0.6240698703142409
 40
0.6242915397598298
 40
0.6245063756830936
 40
0.6247136696375505
 40
0.6249127838146933
 40
0.6251031656654863
 40
0.6252843658170122
 40
0.6254560604732633
 40
0.6256180799810629
 40
0.6257704459743992
 40
0.625913420618175
 40
0.6260475731774905
 40
0.6261738718129148
 40
0.6262938127807168
 40
0.6264096062053346
 40
0.6265244492488062
 40
0.6266429373481168
 40
0.6267716985728812
 40
0.626920396298986
 40
0.6271033496225275
 40
0.6273421910210274
 40
0.6276701990467456
 40
0.6281389139970527
 40
0.6288257273757978
 40
0.6298309863750634
 40
0.6312239222420917
 40
0.6328980290309769
 40
0.6345185715222108
 40
0.6358006303385548
 40
0.6367045202417904
 40
0.6373194531037195
 40
0.6377413196982563
 40
0.6380395389910285
 40
0.6382596289279893
 40
0.6384309713204396
 40
0.6385727542296636
 40
0.6386977507811038
 40
0.6388146248997312
 40
0.6389293412601807
 40
0.6390460428945285
 40
0.6391676102543384
 40
0.6392960261872959
 40
0.6394326200370654
 40
0.6395782347319532
 40
0.6397333437140929
 40
0.6398981345105477
 40
0.6400725696865102
 40
0.6402564321875893
 40
0.6404493597311843
 40
0.6406508714023358
 40
0.6408603886269523
 40
0.6410772520427181
 40
0.6413007353476254
 40
0.6415300569046799
 40
0.6417643896724643
 40
0.6420028698850021
 40
0.6422446048012822
 40
0.6424886797719732
 40
0.6427341648197462
 40
0.6429801208945398
 40
0.6432256059423127
 40
0.6434696809130037
 40
0.6437114158292839
 40
0.6439498960418216
 40
0.644184228809606
 40
0.6444135503666606
 40
0.6446370336715677
 40
0.6448538970873338
 40
0.6450634143119502
 40
0.6452649259831017
 40
0.6454578535266967
 40
0.6456417160277759
 40
0.6458161512037385
 40
0.6459809420001933
 40
0.6461360509823332
 40
0.646281665677221
 40
0.6464182595269904
 40
0.6465466754599478
 40
0.6466682428197579
 40
0.6467849444541055
 40
0.6468996608145551
 40
0.6470165349331825
 40
0.6471415314846227
 40
0.6472833143938468
 40
0.647454656786297
 40
0.6476747467232579
 40
0.6479729660160299
 40
0.648394832610567
 40
0.649009765472496
 40
0.6499136553757315
 40
0.6511957141920757
 40
0.6528162566833087
 40
0.6544903634721949
 40
0.6558832993392227
 40
0.6568885583384885
 40
0.6575753717172333
 40
0.6580440866675406
 40
0.6583720946932586
 40
0.6586109360917588
 40
0.6587938894153001
 40
0.658942587141405
 40
0.6590713483661694
 40
0.65918983646548
 40
0.6593046795089519
 40
0.6594204729335695
 40
0.6595404139013715
 40
0.659666712536796
 40
0.6598008650961115
 40
0.6599438397398872
 40
0.6600962057332236
 40
0.6602582252410231
 40
0.6604299198972742
 40
0.6606111200488001
 40
0.6608015018995932
 40
0.661000616076736
 40
0.6612079100311928
 40
0.6614227459544566
 40
0.6616444154000456
 40
0.6618721514634194
 40
0.6621051391422078
 40
0.6623425243368791
 40
0.6625834218380985
 40
0.6628269225665933
 40
0.6630721002747049
 40
0.663318017879595
 40
0.6635637335720691
 40
0.6638083068294722
 40
0.6640508044545821
 40
0.6642903067641788
 40
0.6645259140612355
 40
0.664756753544417
 40
0.6649819868398406
 40
0.6652008183861065
 40
0.6654125049694937
 40
0.6656163667995804
 40
0.6658118006477993
 40
0.6659982957599189
 40
0.6661754535245201
 40
0.666343012274154
 40
0.6665008791781762
 40
0.6666491720588884
 40
0.6667882752923023
 40
0.666918916017831
 40
0.6670422701440618
 40
0.6671601129039341
 40
0.6672750373921852
 40
0.6673907791261214
 40
0.6675127097409108
 40
0.6676486066033446
 40
0.6678098814801423
 40
0.6680135815970637
 40
0.6682856758030518
 40
0.6686663237855047
 40
0.6692173500153107
 40
0.6700279351193801
 40
0.6711970305097369
 40
0.6727393000742127
 40
0.6744373318700585
 40
0.675933206709864
 40
0.6770465081778491
 40
0.6778136653942123
 40
0.6783355335432997
 40
0.6786974837959465
 40
0.6789577516931912
 40
0.6791540554469718
 40
0.6793108208238858
 40
0.6794441257778122
 40
0.6795647628552245
 40
0.6796801038692752
 40
0.6797952475740473
 40
0.6799137409011315
 40
0.680038043245947
 40
0.6801698327562262
 40
0.6803102132556329
 40
0.680459857251746
 40
0.680619106933429
 40
0.680788046991473
 40
0.6809665581845782
 40
0.6811543575204605
 40
0.6813510289865691
 40
0.6815560475142028
 40
0.6817687980370046
 40
0.6819885909544682
 40
0.6822146749374028
 40
0.6824462477550983
 40
0.6826824656248547
 40
0.6829224514587299
 40
0.6831653022935248
 40
0.6834100961273561
 40
0.6836558983424932
 40
0.6839017678646814
 40
0.6841467631908772
 40
0.6843899484083249
 40
0.684630399327308
 40
0.6848672098576808
 40
0.6850994987761588
 40
0.6853264170590546
 40
0.6855471559965379
 40
0.6857609563640884
 40
0.6859671190113361
 40
0.6861650173481789
 40
0.6863541123782507
 40
0.686533971173889
 40
0.6867042900407528
 40
0.6868649241405003
 40
0.6870159261160523
 40
0.6871575974407885
 40
0.6872905580292423
 40
0.6874158425033386
 40
0.687535036091495
 40
0.6876504706465082
 40
0.6877655138310188
 40
0.6878850059657621
 40
0.6880159362647286
 40
0.6881685153210662
 40
0.688357913117774
 40
0.6886071121272618
 40
0.6889515391900117
 40
0.6894459993066425
 40
0.6901719049824642
 40
0.6912304780329874
 40
0.6926762846334535
 40
0.6943662745303486
 40
0.6959503851025681
 40
0.6971759068201216
 40
0.6980320849857136
 40
0.6986141052296572
 40
0.6990146994961511
 40
0.6992994266709849
 40
0.6995110444885113
 40
0.6996771714596868
 40
0.6998158899016659
 40
0.6999392707951453
 40
0.700055521630605
 40
0.7001703023373937
 40
0.7002875469229707
 40
0.7004099887038409
 40
0.7005395043969131
 40
0.7006773450304573
 40
0.700824294515243
 40
0.7009807809543468
 40
0.7011469564322981
 40
0.7013227553757212
 40
0.7015079380882558
 40
0.7017021238625604
 40
0.7019048166580157
 40
0.7021154254069805
 40
0.7023332803960836
 40
0.7025576467522489
 40
0.7027877357773403
 40
0.7030227146769281
 40
0.7032617150896118
 40
0.7035038407252422
 40
0.7037481743510952
 40
0.7039937843165327
 40
0.7042397307735387
 40
0.7044850717292772
 40
0.7047288690552863
 40
0.704970194574976
 40
0.7052081363564335
 40
0.7054418053516809
 40
0.7056703425479114
 40
0.705892926833333
 40
0.7061087838340625
 40
0.7063171960550545
 40
0.7065175147663949
 40
0.7067091742300777
 40
0.7068917090823399
 40
0.707064776004545
 40
0.7072281812809899
 40
0.707381916533204
 40
0.7075262059633464
 40
0.7076615700407382
 40
0.7077889130703796
 40
0.7079096460780278
 40
0.7080258629532756
 40
0.7081405986138888
 40
0.7082582163267573
 40
0.7083850030794554
 40
0.7085301074181642
 40
0.7087070507059571
 40
0.7089362025599906
 40
0.7092488290024135
 40
0.7096933746644908
 40
0.7103432157795468
 40
0.7112968464171395
 40
0.7126349421274168
 40
0.7142857142857145
 40
0.7159364864440135
 40
0.7172745821542902
 40
0.7182282127918834
 40
0.7188780539069392
 40
0.7193225995690166
 40
0.7196352260114395
 40
0.7198643778654727
 40
0.7200413211532658
 40
0.7201864254919746
 40
0.7203132122446728
 40
0.7204308299575414
 40
0.7205455656181546
 40
0.7206617824934025
 40
0.7207825155010507
 40
0.7209098585306921
 40
0.7210452226080839
 40
0.7211895120382262
 40
0.7213432472904404
 40
0.7215066525668854
 40
0.7216797194890905
 40
0.7218622543413528
 40
0.7220539138050355
 40
0.722254232516376
 40
0.7224626447373679
 40
0.7226785017380973
 40
0.722901086023519
 40
0.7231296232197496
 40
0.7233632922149971
 40
0.7236012339964544
 40
0.7238425595161442
 40
0.7240863568421532
 40
0.7243316977978919
 40
0.7245776442548978
 40
0.7248232542203353
 40
0.7250675878461884
 40
0.7253097134818187
 40
0.7255487138945024
 40
0.72578369279409
 40
0.7260137818191816
 40
0.7262381481753468
 40
0.7264560031644499
 40
0.7266666119134146
 40
0.7268693047088701
 40
0.7270634904831745
 40
0.7272486731957092
 40
0.7274244721391322
 40
0.7275906476170834
 40
0.7277471340561873
 40
0.727894083540973
 40
0.7280319241745173
 40
0.7281614398675895
 40
0.7282838816484598
 40
0.7284011262340369
 40
0.7285159069408254
 40
0.7286321577762851
 40
0.7287555386697645
 40
0.7288942571117436
 40
0.729060384082919
 40
0.7292720019004454
 40
0.7295567290752789
 40
0.7299573233417731
 40
0.730539343585717
 40
0.7313955217513087
 40
0.7326210434688627
 40
0.7342051540410819
 40
0.7358951439379774
 40
0.7373409505384427
 40
0.7383995235889665
 40
0.7391254292647877
 40
0.7396198893814188
 40
0.7399643164441686
 40
0.7402135154536565
 40
0.7404029132503644
 40
0.740555492306702
 40
0.7406864226056685
 40
0.7408059147404118
 40
0.7409209579249224
 40
0.7410363924799356
 40
0.7411555860680918
 40
0.7412808705421883
 40
0.741413831130642
 40
0.7415555024553782
 40
0.7417065044309303
 40
0.7418671385306777
 40
0.7420374573975416
 40
0.74221731619318
 40
0.7424064112232517
 40
0.7426043095600946
 40
0.7428104722073421
 40
0.7430242725748927
 40
0.7432450115123761
 40
0.7434719297952719
 40
0.7437042187137499
 40
0.7439410292441228
 40
0.7441814801631057
 40
0.7444246653805534
 40
0.7446696607067493
 40
0.7449155302289373
 40
0.7451613324440746
 40
0.7454061262779059
 40
0.7456489771127008
 40
0.7458889629465761
 40
0.7461251808163325
 40
0.746356753634028
 40
0.7465828376169625
 40
0.746802630534426
 40
0.7470153810572278
 40
0.7472203995848615
 40
0.7474170710509699
 40
0.7476048703868524
 40
0.7477833815799576
 40
0.7479523216380016
 40
0.7481115713196845
 40
0.7482612153157977
 40
0.7484015958152043
 40
0.7485333853254834
 40
0.748657687670299
 40
0.7487761809973832
 40
0.7488913247021554
 40
0.7490066657162061
 40
0.7491273027936184
 40
0.7492606077475448
 40
0.7494173731244587
 40
0.7496136768782394
 40
0.7498739447754839
 40
0.7502358950281308
 40
0.750757763177218
 40
0.7515249203935815
 40
0.7526382218615661
 40
0.7541340967013721
 40
0.7558321284972184
 40
0.757374398061694
 40
0.7585434934520506
 40
0.7593540785561196
 40
0.7599051047859259
 40
0.7602857527683786
 40
0.7605578469743668
 40
0.7607615470912881
 40
0.7609228219680858
 40
0.7610587188305197
 40
0.7611806494453089
 40
0.7612963911792452
 40
0.7614113156674963
 40
0.7615291584273686
 40
0.7616525125535994
 40
0.761783153279128
 40
0.761922256512542
 40
0.7620705493932542
 40
0.7622284162972763
 40
0.7623959750469104
 40
0.7625731328115117
 40
0.7627596279236313
 40
0.7629550617718501
 40
0.7631589236019367
 40
0.7633706101853241
 40
0.7635894417315899
 40
0.7638146750270137
 40
0.7640455145101951
 40
0.7642811218072519
 40
0.7645206241168485
 40
0.7647631217419584
 40
0.7650076949993616
 40
0.7652534106918355
 40
0.7654993282967258
 40
0.7657445060048373
 40
0.7659880067333322
 40
0.7662289042345515
 40
0.7664662894292227
 40
0.7666992771080112
 40
0.7669270131713848
 40
0.7671486826169738
 40
0.7673635185402377
 40
0.7675708124946944
 40
0.7677699266718371
 40
0.7679603085226302
 40
0.7681415086741561
 40
0.7683132033304073
 40
0.7684752228382068
 40
0.7686275888315433
 40
0.7687705634753189
 40
0.7689047160346344
 40
0.7690310146700587
 40
0.7691509556378607
 40
0.7692667490624784
 40
0.76938159210595
 40
0.7695000802052606
 40
0.7696288414300251
 40
0.76977753915613
 40
0.7699604924796714
 40
0.7701993338781714
 40
0.7705273419038896
 40
0.7709960568541968
 40
0.7716828702329417
 40
0.7726881292322071
 40
0.7740810650992354
 40
0.775755171888121
 40
0.777375714379355
 40
0.778657773195699
 40
0.7795616630989345
 40
0.7801765959608634
 40
0.7805984625554003
 40
0.7808966818481723
 40
0.7811167717851332
 40
0.7812881141775835
 40
0.7814298970868074
 40
0.7815548936382477
 40
0.7816717677568751
 40
0.7817864841173247
 40
0.7819031857516722
 40
0.7820247531114822
 40
0.7821531690444395
 40
0.782289762894209
 40
0.7824353775890969
 40
0.7825904865712365
 40
0.7827552773676913
 40
0.782929712543654
 40
0.7831135750447331
 40
0.7833065025883282
 40
0.7835080142594797
 40
0.7837175314840962
 40
0.783934394899862
 40
0.7841578782047691
 40
0.7843871997618236
 40
0.7846215325296081
 40
0.7848600127421458
 40
0.785101747658426
 40
0.7853458226291169
 40
0.7855913076768899
 40
0.7858372637516835
 40
0.7860827487994565
 40
0.7863268237701475
 40
0.7865685586864276
 40
0.7868070388989655
 40
0.7870413716667498
 40
0.7872706932238045
 40
0.7874941765287116
 40
0.7877110399444774
 40
0.7879205571690939
 40
0.7881220688402454
 40
0.7883149963838404
 40
0.7884988588849194
 40
0.788673294060882
 40
0.7888380848573369
 40
0.7889931938394767
 40
0.7891388085343645
 40
0.789275402384134
 40
0.7894038183170913
 40
0.7895253856769012
 40
0.7896420873112487
 40
0.7897568036716984
 40
0.7898736777903257
 40
0.789998674341766
 40
0.79014045725099
 40
0.7903117996434402
 40
0.7905318895804012
 40
0.7908301088731732
 40
0.7912519754677101
 40
0.791866908329639
 40
0.7927707982328746
 40
0.7940528570492187
 40
0.7956733995404521
 40
0.7973475063293384
 40
0.798740442196366
 40
0.7997457011956318
 40
0.8004325145743766
 40
0.8009012295246838
 40
0.801229237550402
 40
0.801468078948902
 40
0.8016510322724434
 40
0.8017997299985484
 40
0.8019284912233128
 40
0.8020469793226234
 40
0.8021618223660951
 40
0.8022776157907129
 40
0.8023975567585149
 40
0.8025238553939391
 40
0.8026580079532547
 40
0.8028009825970304
 40
0.8029533485903667
 40
0.8031153680981662
 40
0.8032870627544173
 40
0.8034682629059433
 40
0.8036586447567362
 40
0.803857758933879
 40
0.8040650528883359
 40
0.8042798888115996
 40
0.8045015582571886
 40
0.8047292943205622
 40
0.8049622819993507
 40
0.8051996671940218
 40
0.8054405646952412
 40
0.8056840654237359
 40
0.8059292431318476
 40
0.8061751607367378
 40
0.8064208764292118
 40
0.806665449686615
 40
0.8069079473117249
 40
0.8071474496213215
 40
0.8073830569183783
 40
0.8076138964015597
 40
0.8078391296969832
 40
0.8080579612432491
 40
0.8082696478266365
 40
0.808473509656723
 40
0.808668943504942
 40
0.8088554386170616
 40
0.8090325963816629
 40
0.809200155131297
 40
0.809358022035319
 40
0.8095063149160311
 40
0.809645418149445
 40
0.8097760588749737
 40
0.8098994130012046
 40
0.8100172557610769
 40
0.810132180249328
 40
0.8102479219832641
 40
0.8103698525980535
 40
0.8105057494604873
 40
0.8106670243372851
 40
0.8108707244542065
 40
0.8111428186601946
 40
0.8115234666426474
 40
0.8120744928724535
 40
0.812885077976523
 40
0.8140541733668796
 40
0.8155964429313552
 40
0.817294474727202
 40
0.8187903495670077
 40
0.819903651034992
 40
0.820670808251355
 40
0.8211926764004425
 40
0.8215546266530894
 40
0.8218148945503341
 40
0.8220111983041147
 40
0.8221679636810286
 40
0.8223012686349551
 40
0.8224219057123674
 40
0.8225372467264181
 40
0.8226523904311901
 40
0.8227708837582742
 40
0.8228951861030898
 40
0.823026975613369
 40
0.8231673561127757
 40
0.8233170001088888
 40
0.8234762497905717
 40
0.8236451898486157
 40
0.8238237010417209
 40
0.8240115003776034
 40
0.8242081718437118
 40
0.8244131903713455
 40
0.8246259408941474
 40
0.8248457338116107
 40
0.8250718177945454
 40
0.8253033906122409
 40
0.8255396084819973
 40
0.8257795943158726
 40
0.8260224451506675
 40
0.8262672389844989
 40
0.826513041199636
 40
0.8267589107218241
 40
0.8270039060480199
 40
0.8272470912654677
 40
0.8274875421844508
 40
0.8277243527148234
 40
0.8279566416333014
 40
0.8281835599161972
 40
0.8284042988536806
 40
0.828618099221231
 40
0.8288242618684787
 40
0.8290221602053216
 40
0.8292112552353934
 40
0.8293911140310317
 40
0.8295614328978956
 40
0.829722066997643
 40
0.8298730689731951
 40
0.8300147402979313
 40
0.830147700886385
 40
0.8302729853604814
 40
0.8303921789486376
 40
0.8305076135036508
 40
0.8306226566881614
 40
0.8307421488229046
 40
0.8308730791218711
 40
0.8310256581782087
 40
0.8312150559749166
 40
0.8314642549844045
 40
0.8318086820471543
 40
0.8323031421637852
 40
0.833029047839607
 40
0.8340876208901301
 40
0.8355334274905961
 40
0.8372234173874911
 40
0.838807527959711
 40
0.8400330496772644
 40
0.8408892278428561
 40
0.8414712480867999
 40
0.841871842353294
 40
0.8421565695281277
 40
0.8423681873456542
 40
0.8425343143168297
 40
0.8426730327588088
 40
0.8427964136522882
 40
0.8429126644877479
 40
0.8430274451945365
 40
0.8431446897801136
 40
0.8432671315609839
 40
0.8433966472540562
 40
0.8435344878876003
 40
0.843681437372386
 40
0.8438379238114898
 40
0.8440040992894411
 40
0.8441798982328641
 40
0.8443650809453987
 40
0.8445592667197032
 40
0.8447619595151586
 40
0.8449725682641234
 40
0.8451904232532265
 40
0.8454147896093918
 40
0.8456448786344832
 40
0.845879857534071
 40
0.8461188579467547
 40
0.8463609835823851
 40
0.8466053172082381
 40
0.8468509271736756
 40
0.8470968736306815
 40
0.8473422145864202
 40
0.8475860119124292
 40
0.8478273374321189
 40
0.8480652792135764
 40
0.8482989482088237
 40
0.8485274854050544
 40
0.8487500696904761
 40
0.8489659266912055
 40
0.8491743389121975
 40
0.849374657623538
 40
0.8495663170872207
 40
0.8497488519394829
 40
0.849921918861688
 40
0.8500853241381329
 40
0.850239059390347
 40
0.8503833488204894
 40
0.8505187128978812
 40
0.8506460559275226
 40
0.8507667889351708
 40
0.8508830058104186
 40
0.8509977414710318
 40
0.8511153591839004
 40
0.8512421459365985
 40
0.8513872502753074
 40
0.8515641935631002
 40
0.8517933454171337
 40
0.8521059718595567
 40
0.8525505175216339
 40
0.8532003586366902
 40
0.8541539892742832
 40
0.8554920849845599
 40
0.8571428571428583
 40
0.8587936293011568
 40
0.8601317250114333
 40
0.8610853556490263
 40
0.8617351967640822
 40
0.8621797424261596
 40
0.8624923688685826
 40
0.8627215207226159
 40
0.8628984640104088
 40
0.8630435683491177
 40
0.8631703551018158
 40
0.8632879728146844
 40
0.8634027084752977
 40
0.8635189253505455
 40
0.8636396583581937
 40
0.8637670013878351
 40
0.8639023654652269
 40
0.8640466548953692
 40
0.8642003901475834
 40
0.8643637954240284
 40
0.8645368623462335
 40
0.8647193971984957
 40
0.8649110566621784
 40
0.8651113753735188
 40
0.8653197875945108
 40
0.8655356445952402
 40
0.8657582288806618
 40
0.8659867660768924
 40
0.8662204350721397
 40
0.8664583768535971
 40
0.866699702373287
 40
0.866943499699296
 40
0.8671888406550345
 40
0.8674347871120406
 40
0.8676803970774781
 40
0.8679247307033311
 40
0.8681668563389615
 40
0.8684058567516452
 40
0.8686408356512327
 40
0.8688709246763244
 40
0.8690952910324896
 40
0.8693131460215927
 40
0.8695237547705574
 40
0.8697264475660127
 40
0.8699206333403171
 40
0.8701058160528519
 40
0.8702816149962749
 40
0.8704477904742262
 40
0.8706042769133299
 40
0.8707512263981155
 40
0.8708890670316599
 40
0.8710185827247321
 40
0.8711410245056024
 40
0.8712582690911794
 40
0.871373049797968
 40
0.8714893006334277
 40
0.8716126815269071
 40
0.8717513999688862
 40
0.8719175269400615
 40
0.8721291447575881
 40
0.8724138719324216
 40
0.8728144661989157
 40
0.8733964864428597
 40
0.8742526646084515
 40
0.8754781863260052
 40
0.8770622968982243
 40
0.8787522867951202
 40
0.8801980933955854
 40
0.881256666446109
 40
0.8819825721219304
 40
0.8824770322385614
 40
0.8828214593013113
 40
0.8830706583107991
 40
0.883260056107507
 40
0.8834126351638446
 40
0.8835435654628111
 40
0.8836630575975545
 40
0.8837781007820651
 40
0.8838935353370782
 40
0.8840127289252344
 40
0.8841380133993308
 40
0.8842709739877845
 40
0.8844126453125208
 40
0.8845636472880729
 40
0.8847242813878204
 40
0.8848946002546842
 40
0.8850744590503226
 40
0.8852635540803943
 40
0.8854614524172372
 40
0.8856676150644848
 40
0.8858814154320354
 40
0.8861021543695187
 40
0.8863290726524145
 40
0.8865613615708925
 40
0.8867981721012653
 40
0.8870386230202483
 40
0.887281808237696
 40
0.8875268035638919
 40
0.8877726730860799
 40
0.8880184753012171
 40
0.8882632691350485
 40
0.8885061199698435
 40
0.8887461058037187
 40
0.8889823236734752
 40
0.8892138964911706
 40
0.8894399804741052
 40
0.8896597733915688
 40
0.8898725239143704
 40
0.8900775424420042
 40
0.8902742139081127
 40
0.8904620132439951
 40
0.8906405244371003
 40
0.8908094644951443
 40
0.8909687141768273
 40
0.8911183581729404
 40
0.891258738672347
 40
0.891390528182626
 40
0.8915148305274416
 40
0.8916333238545258
 40
0.8917484675592979
 40
0.8918638085733487
 40
0.891984445650761
 40
0.8921177506046873
 40
0.8922745159816012
 40
0.8924708197353821
 40
0.8927310876326268
 40
0.8930930378852736
 40
0.8936149060343609
 40
0.8943820632507243
 40
0.8954953647187087
 40
0.8969912395585146
 40
0.8986892713543613
 40
0.900231540918837
 40
0.9014006363091933
 40
0.9022112214132626
 40
0.9027622476430688
 40
0.9031428956255215
 40
0.9034149898315097
 40
0.903618689948431
 40
0.9037799648252287
 40
0.9039158616876625
 40
0.9040377923024518
 40
0.9041535340363881
 40
0.9042684585246392
 40
0.9043863012845113
 40
0.9045096554107421
 40
0.9046402961362708
 40
0.9047793993696847
 40
0.9049276922503969
 40
0.9050855591544189
 40
0.9052531179040529
 40
0.9054302756686542
 40
0.9056167707807737
 40
0.9058122046289927
 40
0.9060160664590793
 40
0.9062277530424666
 40
0.9064465845887325
 40
0.9066718178841562
 40
0.9069026573673376
 40
0.9071382646643944
 40
0.9073777669739911
 40
0.9076202645991007
 40
0.907864837856504
 40
0.908110553548978
 40
0.9083564711538682
 40
0.9086016488619797
 40
0.9088451495904746
 40
0.9090860470916938
 40
0.909323432286365
 40
0.9095564199651536
 40
0.9097841560285271
 40
0.9100058254741161
 40
0.9102206613973799
 40
0.9104279553518368
 40
0.9106270695289795
 40
0.9108174513797727
 40
0.9109986515312986
 40
0.9111703461875498
 40
0.9113323656953493
 40
0.9114847316886857
 40
0.9116277063324614
 40
0.9117618588917769
 40
0.9118881575272013
 40
0.9120080984950033
 40
0.9121238919196208
 40
0.9122387349630927
 40
0.9123572230624033
 40
0.9124859842871677
 40
0.9126346820132726
 40
0.9128176353368139
 40
0.9130564767353141
 40
0.9133844847610322
 40
0.9138531997113394
 40
0.9145400130900844
 40
0.9155452720893497
 40
0.9169382079563777
 40
0.9186123147452638
 40
0.9202328572364976
 40
0.9215149160528413
 40
0.9224188059560768
 40
0.9230337388180059
 40
0.9234556054125428
 40
0.9237538247053148
 40
0.9239739146422756
 40
0.9241452570347258
 40
0.9242870399439498
 40
0.92441203649539
 40
0.9245289106140173
 40
0.924643626974467
 40
0.9247603286088145
 40
0.9248818959686245
 40
0.9250103119015819
 40
0.9251469057513514
 40
0.925292520446239
 40
0.9254476294283788
 40
0.9256124202248336
 40
0.9257868554007961
 40
0.9259707179018751
 40
0.9261636454454703
 40
0.9263651571166217
 40
0.9265746743412382
 40
0.9267915377570041
 40
0.9270150210619111
 40
0.9272443426189656
 40
0.9274786753867501
 40
0.9277171555992878
 40
0.927958890515568
 40
0.9282029654862589
 40
0.928448450534032
 40
0.9286944066088255
 40
0.9289398916565985
 40
0.9291839666272895
 40
0.9294257015435697
 40
0.9296641817561074
 40
0.9298985145238917
 40
0.9301278360809464
 40
0.9303513193858535
 40
0.9305681828016193
 40
0.9307777000262358
 40
0.9309792116973873
 40
0.9311721392409824
 40
0.9313560017420615
 40
0.9315304369180242
 40
0.9316952277144789
 40
0.9318503366966188
 40
0.9319959513915065
 40
0.9321325452412759
 40
0.9322609611742333
 40
0.9323825285340434
 40
0.9324992301683909
 40
0.9326139465288404
 40
0.9327308206474678
 40
0.932855817198908
 40
0.9329976001081322
 40
0.9331689425005824
 40
0.9333890324375431
 40
0.9336872517303152
 40
0.934109118324852
 40
0.9347240511867811
 40
0.9356279410900168
 40
0.9369099999063606
 40
0.9385305423975946
 40
0.9402046491864807
 40
0.9415975850535081
 40
0.9426028440527738
 40
0.9432896574315188
 40
0.9437583723818259
 40
0.944086380407544
 40
0.9443252218060441
 40
0.9445081751295855
 40
0.9446568728556904
 40
0.9447856340804548
 40
0.9449041221797654
 40
0.9450189652232373
 40
0.9451347586478548
 40
0.9452546996156568
 40
0.9453809982510811
 40
0.9455151508103966
 40
0.9456581254541723
 40
0.9458104914475088
 40
0.9459725109553083
 40
0.9461442056115595
 40
0.9463254057630854
 40
0.9465157876138786
 40
0.9467149017910214
 40
0.9469221957454783
 40
0.9471370316687421
 40
0.9473587011143311
 40
0.9475864371777046
 40
0.9478194248564932
 40
0.9480568100511644
 40
0.9482977075523836
 40
0.9485412082808784
 40
0.94878638598899
 40
0.9490323035938802
 40
0.9492780192863544
 40
0.9495225925437575
 40
0.9497650901688672
 40
0.9500045924784638
 40
0.9502401997755207
 40
0.950471039258702
 40
0.9506962725541256
 40
0.9509151041003915
 40
0.9511267906837788
 40
0.9513306525138654
 40
0.9515260863620844
 40
0.9517125814742039
 40
0.9518897392388052
 40
0.9520572979884392
 40
0.9522151648924612
 40
0.9523634577731734
 40
0.9525025610065873
 40
0.952633201732116
 40
0.9527565558583467
 40
0.9528743986182189
 40
0.95298932310647
 40
0.9531050648404062
 40
0.9532269954551955
 40
0.9533628923176294
 40
0.9535241671944272
 40
0.9537278673113485
 40
0.9539999615173366
 40
0.9543806094997895
 40
0.9549316357295956
 40
0.9557422208336651
 40
0.9569113162240216
 40
0.9584535857884973
 40
0.9601516175843439
 40
0.9616474924241497
 40
0.9627607938921341
 40
0.9635279511084974
 40
0.9640498192575849
 40
0.9644117695102317
 40
0.9646720374074762
 40
0.964868341161257
 40
0.9650251065381709
 40
0.9651584114920972
 40
0.9652790485695095
 40
0.9653943895835603
 40
0.9655095332883324
 40
0.9656280266154166
 40
0.9657523289602321
 40
0.9658841184705114
 40
0.9660244989699179
 40
0.9661741429660311
 40
0.966333392647714
 40
0.966502332705758
 40
0.9666808438988632
 40
0.9668686432347456
 40
0.9670653147008541
 40
0.9672703332284879
 40
0.9674830837512898
 40
0.9677028766687532
 40
0.9679289606516879
 40
0.9681605334693834
 40
0.9683967513391397
 40
0.968636737173015
 40
0.9688795880078099
 40
0.9691243818416414
 40
0.9693701840567785
 40
0.9696160535789665
 40
0.9698610489051623
 40
0.9701042341226102
 40
0.9703446850415932
 40
0.9705814955719659
 40
0.970813784490444
 40
0.9710407027733398
 40
0.9712614417108232
 40
0.9714752420783738
 40
0.9716814047256214
 40
0.9718793030624643
 40
0.9720683980925359
 40
0.9722482568881742
 40
0.9724185757550381
 40
0.9725792098547854
 40
0.9727302118303376
 40
0.9728718831550738
 40
0.9730048437435275
 40
0.9731301282176239
 40
0.97324932180578
 40
0.9733647563607932
 40
0.9734797995453038
 40
0.9735992916800471
 40
0.9737302219790136
 40
0.9738828010353512
 40
0.9740721988320591
 40
0.9743213978415468
 40
0.9746658249042967
 40
0.9751602850209278
 40
0.9758861906967492
 40
0.9769447637472722
 40
0.9783905703477382
 40
0.9800805602446341
 40
0.9816646708168533
 40
0.9828901925344068
 40
0.9837463706999985
 40
0.9843283909439424
 40
0.9847289852104365
 40
0.98501371238527
 40
0.9852253302027966
 40
0.985391457173972
 40
0.9855301756159511
 40
0.9856535565094305
 40
0.9857698073448902
 40
0.9858845880516788
 40
0.9860018326372558
 40
0.9861242744181261
 40
0.9862537901111983
 40
0.9863916307447425
 40
0.9865385802295282
 40
0.9866950666686319
 40
0.9868612421465832
 40
0.9870370410900062
 40
0.9872222238025409
 40
0.9874164095768454
 40
0.9876191023723008
 40
0.9878297111212656
 40
0.9880475661103686
 40
0.9882719324665339
 40
0.9885020214916252
 40
0.988737000391213
 40
0.9889760008038967
 40
0.9892181264395271
 40
0.9894624600653802
 40
0.9897080700308176
 40
0.9899540164878237
 40
0.9901993574435622
 40
0.9904431547695712
 40
0.9906844802892609
 40
0.9909224220707185
 40
0.9911560910659659
 40
0.9913846282621965
 40
0.9916072125476182
 40
0.9918230695483475
 40
0.9920314817693395
 40
0.99223180048068
 40
0.9924234599443627
 40
0.9926059947966248
 40
0.9927790617188299
 40
0.9929424669952748
 40
0.993096202247489
 40
0.9932404916776313
 40
0.9933758557550231
 40
0.9935031987846645
 40
0.9936239317923127
 40
0.9937401486675606
 40
0.9938548843281738
 40
0.9939725020410424
 40
0.9940992887937404
 40
0.9942443931324493
 40
0.9944213364202421
 40
0.9946504882742755
 40
0.9949631147166984
 40
0.9954076603787758
 40
0.9960575014938318
 40
0.9970111321314249
 40
0.9983492278417015
 40
1.0
 40
1.0
 40
1.0
 40
1.0
 10
28.35
 20
2.6436451964280527e-17
 30
0.0
 10
28.35908511295765
 20
0.11504228765565104
 30
0.0
 10
28.375534507300163
 20
0.32333644586088833
 30
0.0
 10
28.48355660836684
 20
0.5790470024659027
 30
0.0
 10
28.593756774273974
 20
0.7515658211782454
 30
0.0
 10
28.684920493196802
 20
0.86111918691396
 30
0.0
 10
28.75285662175836
 20
0.9314254967788277
 30
0.0
 10
28.802509886104815
 20
0.9786421282459977
 30
0.0
 10
28.839361325993256
 20
1.0123191278315613
 30
0.0
 10
28.867736294578886
 20
1.0380218096697413
 30
0.0
 10
28.890703096121353
 20
1.0591039989029476
 30
0.0
 10
28.91036526176999
 20
1.0776896702898662
 30
0.0
 10
28.928139302144256
 20
1.0951955827049342
 30
0.0
 10
28.944961094225555
 20
1.112612339912946
 30
0.0
 10
28.96142850770697
 20
1.130659538261224
 30
0.0
 10
28.977898843388605
 20
1.1498740608045521
 30
0.0
 10
28.994555981781104
 20
1.1706619188495708
 30
0.0
 10
29.011457545090046
 20
1.1933296693948863
 30
0.0
 10
29.028568818342382
 20
1.2181040987855847
 30
0.0
 10
29.045787799063284
 20
1.2451450237831614
 30
0.0
 10
29.062964206324228
 20
1.274553997962314
 30
0.0
 10
29.079914296445903
 20
1.3063805696712132
 30
0.0
 10
29.09643270174659
 20
1.340627087044039
 30
0.0
 10
29.112302101025488
 20
1.3772526637954716
 30
0.0
 10
29.127301264081666
 20
1.416176689346928
 30
0.0
 10
29.14121183650237
 20
1.457282124373113
 30
0.0
 10
29.15382411326161
 20
1.5004187324465994
 30
0.0
 10
29.16494197021818
 20
1.5454063396730824
 30
0.0
 10
29.174387068532923
 20
1.5920381750881845
 30
0.0
 10
29.18200241004073
 20
1.6400843179755689
 30
0.0
 10
29.187655296260022
 20
1.6892952598058852
 30
0.0
 10
29.19123972637741
 20
1.739405575485983
 30
0.0
 10
29.192678257749403
 20
1.7901376893473846
 30
0.0
 10
29.191923344513388
 20
1.841205714710268
 30
0.0
 10
29.188958164594066
 20
1.892319341239098
 30
0.0
 10
29.183796941840747
 20
1.943187741212678
 30
0.0
 10
29.17648476755298
 20
1.9935234639836614
 30
0.0
 10
29.16709692368735
 20
2.043046287133751
 30
0.0
 10
29.15573770807925
 20
2.0914869930608657
 30
0.0
 10
29.142538759559514
 20
2.1385910409574134
 30
0.0
 10
29.12765687734377
 20
2.1841221064242142
 30
0.0
 10
29.11127132385628
 20
2.227865464473224
 30
0.0
 10
29.093580592355732
 20
2.269631196687922
 30
0.0
 10
29.074798609194218
 20
2.309257210300291
 30
0.0
 10
29.05515032361014
 20
2.346612066656116
 30
0.0
 10
29.0348666132555
 20
2.3815976301740256
 30
0.0
 10
29.014178397669255
 20
2.4141515683877146
 30
0.0
 10
28.993309799346573
 20
2.4442497621408887
 30
0.0
 10
28.972470114832067
 20
2.471908727686875
 30
0.0
 10
28.9518442438356
 20
2.497188218104533
 30
0.0
 10
28.931581052941006
 20
2.520194275161553
 30
0.0
 10
28.91177889044371
 20
2.5410831710546886
 30
0.0
 10
28.892467069065013
 20
2.560066960112389
 30
0.0
 10
28.873581510292528
 20
2.577421841995918
 30
0.0
 10
28.854931761234077
 20
2.5935013885920304
 30
0.0
 10
28.836155029993158
 20
2.60875823644085
 30
0.0
 10
28.816650387788894
 20
2.6237807568383764
 30
0.0
 10
28.79548234902629
 20
2.6393568408738006
 30
0.0
 10
28.771237155882208
 20
2.656588109429757
 30
0.0
 10
28.741807794667583
 20
2.6771006214267006
 30
0.0
 10
28.704081258769943
 20
2.703445009667708
 30
0.0
 10
28.653534211038828
 20
2.7398716759671586
 30
0.0
 10
28.583934092524473
 20
2.7938167556406532
 30
0.0
 10
28.488111063298277
 20
2.8784663168270366
 30
0.0
 10
28.362972573176332
 20
3.015465907392225
 30
0.0
 10
28.223740743977576
 20
3.2306544234801535
 30
0.0
 10
28.11754168121274
 20
3.528524586986376
 30
0.0
 10
28.094785630457036
 20
3.860075598442397
 30
0.0
 10
28.151159150969605
 20
4.148759605280532
 30
0.0
 10
28.238328312264123
 20
4.356654767885445
 30
0.0
 10
28.319307727897463
 20
4.49301765714927
 30
0.0
 10
28.382736490295876
 20
4.581369172460468
 30
0.0
 10
28.42984964109701
 20
4.640483067762583
 30
0.0
 10
28.46481757101783
 20
4.6821417162616354
 30
0.0
 10
28.491476303129705
 20
4.713373026318061
 30
0.0
 10
28.512706266232403
 20
4.738438100806721
 30
0.0
 10
28.530528428164136
 20
4.760024588538178
 30
0.0
 10
28.54631591908949
 20
4.779905048297697
 30
0.0
 10
28.560976581546907
 20
4.799298052532356
 30
0.0
 10
28.575087164727016
 20
4.819070305318793
 30
0.0
 10
28.588987824178385
 20
4.839853077535238
 30
0.0
 10
28.60284837974401
 20
4.862111415294214
 30
0.0
 10
28.616715321031034
 20
4.886186631348538
 30
0.0
 10
28.630545808616397
 20
4.912323291417864
 30
0.0
 10
28.644232847789166
 20
4.94068699452498
 30
0.0
 10
28.657624394993842
 20
4.9713765867575885
 30
0.0
 10
28.67053822082513
 20
5.004432968093358
 30
0.0
 10
28.682773740957355
 20
5.039845804809918
 30
0.0
 10
28.694121625470736
 20
5.077558961310447
 30
0.0
 10
28.704371732947614
 20
5.117475163692816
 30
0.0
 10
28.713319740229363
 20
5.159460220447926
 30
0.0
 10
28.72077272103695
 20
5.203347006952783
 30
0.0
 10
28.726553847056564
 20
5.248939343293311
 30
0.0
 10
28.730506330880115
 20
5.296015843751794
 30
0.0
 10
28.732496693111333
 20
5.344333781621851
 30
0.0
 10
28.73241741055422
 20
5.393632989114476
 30
0.0
 10
28.730188985055907
 20
5.443639795404078
 30
0.0
 10
28.72576146080741
 20
5.494070994062334
 30
0.0
 10
28.71911541000104
 20
5.544637822777717
 30
0.0
 10
28.710262401488826
 20
5.5950499324096095
 30
0.0
 10
28.69924496358963
 20
5.645019318451026
 30
0.0
 10
28.68613604977171
 20
5.694264185461642
 30
0.0
 10
28.671038014031797
 20
5.742512713712778
 30
0.0
 10
28.654081100903735
 20
5.789506696990481
 30
0.0
 10
28.63542145266948
 20
5.83500502114195
 30
0.0
 10
28.615238632978553
 20
5.8787869545025515
 30
0.0
 10
28.59373266106943
 20
5.920655223856666
 30
0.0
 10
28.571120543308748
 20
5.960438853206117
 30
0.0
 10
28.54763227771041
 20
5.997995747611574
 30
0.0
 10
28.523506290907218
 20
6.0332150111945095
 30
0.0
 10
28.498984243468907
 20
6.0660189978047985
 30
0.0
 10
28.47430510516446
 20
6.096365106139124
 30
0.0
 10
28.44969835174468
 20
6.124247350346122
 30
0.0
 10
28.42537606140962
 20
6.149697765926277
 30
0.0
 10
28.401523580395207
 20
6.1727877550951415
 30
0.0
 10
28.378288264214707
 20
6.193629546297494
 30
0.0
 10
28.35576555375143
 20
6.212378058035455
 30
0.0
 10
28.33398126431137
 20
6.229233651856334
 30
0.0
 10
28.3128683695301
 20
6.244446597315383
 30
0.0
 10
28.292235615082063
 20
6.258324676349027
 30
0.0
 10
28.271723772673027
 20
6.271246470215579
 30
0.0
 10
28.25074286661949
 20
6.283684996063316
 30
0.0
 10
28.228379672692487
 20
6.296250525362776
 30
0.0
 10
28.203258362330956
 20
6.309769821833793
 30
0.0
 10
28.173327732461996
 20
6.325436508650036
 30
0.0
 10
28.135538327326486
 20
6.345104441844141
 30
0.0
 10
28.085379102943193
 20
6.371874432702252
 30
0.0
 10
28.016346484730803
 20
6.411275561177942
 30
0.0
 10
27.919929759091097
 20
6.473524757909228
 30
0.0
 10
27.78848728060781
 20
6.576909879197317
 30
0.0
 10
27.626632138819208
 20
6.748330795767509
 30
0.0
 10
27.470429615606815
 20
7.007125036301086
 30
0.0
 10
27.379416383396872
 20
7.327992299160919
 30
0.0
 10
27.37770959682313
 20
7.63766838751681
 30
0.0
 10
27.430785406900583
 20
7.87795694119665
 30
0.0
 10
27.495171638623727
 20
8.041994877132746
 30
0.0
 10
27.550457724887067
 20
8.149768866054686
 30
0.0
 10
27.59297489700071
 20
8.22179173641387
 30
0.0
 10
27.62481925092642
 20
8.272041956184665
 30
0.0
 10
27.64897281160352
 20
8.30911816028039
 30
0.0
 10
27.667940226793966
 20
8.338282694159899
 30
0.0
 10
27.6835581112127
 20
8.362849659644883
 30
0.0
 10
27.69709717842075
 20
8.384986848150245
 30
0.0
 10
27.709401299364593
 20
8.406165311966333
 30
0.0
 10
27.721003441286882
 20
8.427414198022328
 30
0.0
 10
27.732212049520705
 20
8.449468890941512
 30
0.0
 10
27.74317349019984
 20
8.472859764069383
 30
0.0
 10
27.753917159499334
 20
8.497967080560077
 30
0.0
 10
27.764388476854087
 20
8.525056114580686
 30
0.0
 10
27.77447347177639
 20
8.554300438131635
 30
0.0
 10
27.78401750397636
 20
8.58579798110035
 30
0.0
 10
27.792839832488973
 20
8.619582606902165
 30
0.0
 10
27.80074519023858
 20
8.6556328751506
 30
0.0
 10
27.80753314586787
 20
8.69387903112138
 30
0.0
 10
27.813005784196545
 20
8.73420887940125
 30
0.0
 10
27.816974068597187
 20
8.776472961908327
 30
0.0
 10
27.819263135102247
 20
8.820489309880307
 30
0.0
 10
27.81971669098005
 20
8.866047941719371
 30
0.0
 10
27.81820063789082
 20
8.912915213884263
 30
0.0
 10
27.814606003703656
 20
8.96083808837164
 30
0.0
 10
27.808851242381607
 20
9.009548350391544
 30
0.0
 10
27.800883944517388
 20
9.058766789029763
 30
0.0
 10
27.790681989714226
 20
9.108207339086198
 30
0.0
 10
27.778254164393477
 20
9.157581171999874
 30
0.0
 10
27.763640263577607
 20
9.206600716580084
 30
0.0
 10
27.746910691880196
 20
9.254983585338708
 30
0.0
 10
27.72816557665776
 20
9.30245637900309
 30
0.0
 10
27.70753340450532
 20
9.34875833990757
 30
0.0
 10
27.685169190522203
 20
9.393644824154332
 30
0.0
 10
27.661252187570373
 20
9.436890562530673
 30
0.0
 10
27.635983139587932
 20
9.478292681062225
 30
0.0
 10
27.60958107830312
 20
9.51767345372256
 30
0.0
 10
27.58227965565482
 20
9.55488276222348
 30
0.0
 10
27.554322993825423
 20
9.589800241070025
 30
0.0
 10
27.525961019587463
 20
9.622337090392785
 30
0.0
 10
27.497444227556947
 20
9.652437544864094
 30
0.0
 10
27.469017784855087
 20
9.680079994972678
 30
0.0
 10
27.440914842953568
 20
9.705277768310347
 30
0.0
 10
27.413348854012813
 20
9.728079595477888
 30
0.0
 10
27.38650458773958
 20
9.748569811557259
 30
0.0
 10
27.3605273931627
 20
9.766868386639695
 30
0.0
 10
27.335510019537836
 20
9.783130950047063
 30
0.0
 10
27.311475955679967
 20
9.797549095703816
 30
0.0
 10
27.288357690694582
 20
9.810351474589607
 30
0.0
 10
27.265967412134888
 20
9.821806580515982
 30
0.0
 10
27.24395622019884
 20
9.83222889143559
 30
0.0
 10
27.22175557339413
 20
9.84199149994691
 30
0.0
 10
27.198490760205594
 20
9.851551315512515
 30
0.0
 10
27.17284971017701
 20
9.861498999201258
 30
0.0
 10
27.14288013607763
 20
9.872658711815399
 30
0.0
 10
27.105673637775023
 20
9.88629107432772
 30
0.0
 10
27.056885104070062
 20
9.904515576631793
 30
0.0
 10
26.99007803320546
 20
9.931202848446661
 30
0.0
 10
26.896195017804416
 20
9.973821969578227
 30
0.0
 10
26.764756611069217
 20
10.046792579585697
 30
0.0
 10
26.59180601468086
 20
10.174814545551536
 30
0.0
 10
26.399602249898084
 20
10.385731015979099
 30
0.0
 10
26.246100072903104
 20
10.677811551523998
 30
0.0
 10
26.17961902262611
 20
10.992722972812262
 30
0.0
 10
26.18818461500721
 20
11.258913839816369
 30
0.0
 10
26.228398702907896
 20
11.449906681057747
 30
0.0
 10
26.2711130037821
 20
11.57793540198567
 30
0.0
 10
26.306503367074413
 20
11.663686185792733
 30
0.0
 10
26.33372012791538
 20
11.723054685826556
 30
0.0
 10
26.35443288745617
 20
11.76624754625541
 30
0.0
 10
26.370533477292934
 20
11.799600958703605
 30
0.0
 10
26.383545617177873
 20
11.82711066766022
 30
0.0
 10
26.394563810729654
 20
11.851375696208594
 30
0.0
 10
26.40432346774311
 20
11.874142144172584
 30
0.0
 10
26.413285961072077
 20
11.896615674206194
 30
0.0
 10
26.421710239196347
 20
11.919644641132434
 30
0.0
 10
26.429707738508913
 20
11.943830432919999
 30
0.0
 10
26.437283409104378
 20
11.969596045656912
 30
0.0
 10
26.44436635022542
 20
11.997230124512555
 30
0.0
 10
26.45083294055659
 20
12.026916249559275
 30
0.0
 10
26.456524589416745
 20
12.058753154228194
 30
0.0
 10
26.46126160764863
 20
12.092769268426721
 30
0.0
 10
26.464854236121607
 20
12.128933657158319
 30
0.0
 10
26.467111546608237
 20
12.167164645226869
 30
0.0
 10
26.46784870746576
 20
12.207336946084649
 30
0.0
 10
26.466892954517512
 20
12.249287819816677
 30
0.0
 10
26.464088503578694
 20
12.292822599360147
 30
0.0
 10
26.459300569852985
 20
12.337719803636922
 30
0.0
 10
26.452418610533194
 20
12.383735976730268
 30
0.0
 10
26.443358873358996
 20
12.430610338747694
 30
0.0
 10
26.43206631087054
 20
12.478069297477598
 30
0.0
 10
26.41851590441721
 20
12.52583084467099
 30
0.0
 10
26.40271343140726
 20
12.573608843133707
 30
0.0
 10
26.38469570225359
 20
12.62111719844906
 30
0.0
 10
26.36453028886823
 20
12.668073900516488
 30
0.0
 10
26.342314763560385
 20
12.714204914154305
 30
0.0
 10
26.318175465167233
 20
12.759247894063918
 30
0.0
 10
26.292265807681403
 20
12.80295569700106
 30
0.0
 10
26.264764145079774
 20
12.8450996626958
 30
0.0
 10
26.235871204067298
 20
12.88547263465733
 30
0.0
 10
26.20580709355551
 20
12.923891692303476
 30
0.0
 10
26.174807895345314
 20
12.960200566735647
 30
0.0
 10
26.143121833970923
 20
12.994271713837186
 30
0.0
 10
26.111005014042515
 20
13.02600802015847
 30
0.0
 10
26.078716699373274
 20
13.055344119264976
 30
0.0
 10
26.046514087788882
 20
13.082247298960377
 30
0.0
 10
26.01464650597809
 20
13.10671798329634
 30
0.0
 10
25.98334890583219
 20
13.12878977806791
 30
0.0
 10
25.95283448096286
 20
13.148529075587538
 30
0.0
 10
25.923286129412414
 20
13.166034225902461
 30
0.0
 10
25.89484635001786
 20
13.181434301020271
 30
0.0
 10
25.867604949739558
 20
13.194887513338456
 30
0.0
 10
25.84158361534508
 20
13.206579413331832
 30
0.0
 10
25.816715894783773
 20
13.216721112339583
 30
0.0
 10
25.792820322074082
 20
13.225548010125435
 30
0.0
 10
25.76956309922392
 20
13.233319970296657
 30
0.0
 10
25.746404562731623
 20
13.240324827638396
 30
0.0
 10
25.72251999035187
 20
13.246889068657275
 30
0.0
 10
25.69667909579533
 20
13.25340369590028
 30
0.0
 10
25.667058202740904
 20
13.260382418270522
 30
0.0
 10
25.630942901274004
 20
13.268589982768445
 30
0.0
 10
25.58425916883086
 20
13.27932640326119
 30
0.0
 10
25.52087363361354
 20
13.295063137107642
 30
0.0
 10
25.431765440590027
 20
13.320858576114833
 30
0.0
 10
25.30503662491987
 20
13.367287792783353
 30
0.0
 10
25.13063933501423
 20
13.454929241565873
 30
0.0
 10
24.917182375348467
 20
13.614199682701363
 30
0.0
 10
24.7124249688611
 20
13.862520720457496
 30
0.0
 10
24.579774252675467
 20
14.164642790293255
 30
0.0
 10
24.534710203145064
 20
14.446418013004925
 30
0.0
 10
24.54245153277906
 20
14.66145662436657
 30
0.0
 10
24.567351318752273
 20
14.809715739932658
 30
0.0
 10
24.592565450766802
 20
14.909689024431925
 30
0.0
 10
24.61335402885688
 20
14.978560137501354
 30
0.0
 10
24.62952469241594
 20
15.028067340465888
 30
0.0
 10
24.64206435447793
 20
15.065656191192927
 30
0.0
 10
24.65202506363794
 20
15.096045314746583
 30
0.0
 10
24.660234584554185
 20
15.12229457423451
 30
0.0
 10
24.667265793543613
 20
15.146444185131845
 30
0.0
 10
24.673474955735866
 20
15.169888236581267
 30
0.0
 10
24.679050218637734
 20
15.193595483973706
 30
0.0
 10
24.68405436653221
 20
15.21824305037719
 30
0.0
 10
24.688459066123897
 20
15.244299790437637
 30
0.0
 10
24.692171499643223
 20
15.272079944992065
 30
0.0
 10
24.695054992910112
 20
15.301778857737222
 30
0.0
 10
24.696945106725938
 20
15.333497621236067
 30
0.0
 10
24.69766233697227
 20
15.367260754495616
 30
0.0
 10
24.697022263617587
 20
15.403029419197551
 30
0.0
 10
24.69484374881192
 20
15.440711738631727
 30
0.0
 10
24.690955608192226
 20
15.480171212211697
 30
0.0
 10
24.685202054262703
 20
15.521233864394327
 30
0.0
 10
24.677447122819803
 20
15.563694542495874
 30
0.0
 10
24.667578232113794
 20
15.607322632826232
 30
0.0
 10
24.655508981884385
 20
15.651867368953397
 30
0.0
 10
24.64118126997372
 20
15.697062841810931
 30
0.0
 10
24.62456678398464
 20
15.742632777735384
 30
0.0
 10
24.605667911670906
 20
15.78829512046089
 30
0.0
 10
24.58451810449455
 20
15.833766432202696
 30
0.0
 10
24.561181722686673
 20
15.878766114373175
 30
0.0
 10
24.535753386215
 20
15.923020438312061
 30
0.0
 10
24.508356853550193
 20
15.966266369408963
 30
0.0
 10
24.47914344846519
 20
16.008255163285998
 30
0.0
 10
24.44829005382996
 20
16.048755709680737
 30
0.0
 10
24.415996690064066
 20
16.087557597887024
 30
0.0
 10
24.382483694185524
 20
16.124473876741824
 30
0.0
 10
24.347988512815505
 20
16.15934348193275
 30
0.0
 10
24.312762118568045
 20
16.192033303626886
 30
0.0
 10
24.27706505333233
 20
16.222439867896874
 30
0.0
 10
24.241163093198
 20
16.25049060597086
 30
0.0
 10
24.205322516988552
 20
16.27614468578732
 30
0.0
 10
24.16980494185223
 20
16.299393380539602
 30
0.0
 10
24.134861662596666
 20
16.320259948715076
 30
0.0
 10
24.100727392665004
 20
16.338798999510594
 30
0.0
 10
24.067613248060024
 20
16.355095316548933
 30
0.0
 10
24.03569873212852
 20
16.369262112016163
 30
0.0
 10
24.005122354669886
 20
16.38143868399713
 30
0.0
 10
23.975970330348424
 20
16.39178745496261
 30
0.0
 10
23.948262511138743
 20
16.40049038584581
 30
0.0
 10
23.921934252423245
 20
16.407744802734214
 30
0.0
 10
23.89681218493236
 20
16.41375877416988
 30
0.0
 10
23.872580678745134
 20
16.418746407496243
 30
0.0
 10
23.848733813490934
 20
16.422923951434132
 30
0.0
 10
23.82450432979988
 20
16.42650875852449
 30
0.0
 10
23.798755308562153
 20
16.429725800812903
 30
0.0
 10
23.769810489855605
 20
16.4328324995273
 30
0.0
 10
23.735182749158234
 20
16.4361869666402
 30
0.0
 10
23.691135906785032
 20
16.440419587634455
 30
0.0
 10
23.631994073047828
 20
16.446853168764733
 30
0.0
 10
23.549175302326574
 20
16.458517430230316
 30
0.0
 10
23.43044389382637
 20
16.482489010445672
 30
0.0
 10
23.262049712332956
 20
16.53442580762114
 30
0.0
 10
23.041092329880662
 20
16.642746931067865
 30
0.0
 10
22.800041978659163
 20
16.83716123351447
 30
0.0
 10
22.605923672979095
 20
17.10837570992081
 30
0.0
 10
22.500980868496075
 20
17.39185532996165
 30
0.0
 10
22.46787362945157
 20
17.625277968718116
 30
0.0
 10
22.468996931675132
 20
17.79250340531701
 30
0.0
 10
22.480443395077238
 20
17.906696776194487
 30
0.0
 10
22.492679485841208
 20
17.985234852216436
 30
0.0
 10
22.503023629075074
 20
18.041141729271356
 30
0.0
 10
22.51120792842916
 20
18.082949431680216
 30
0.0
 10
22.51762066193674
 20
18.116118159860683
 30
0.0
 10
22.522713731154624
 20
18.144187934660177
 30
0.0
 10
22.526832828104915
 20
18.169506663094015
 30
0.0
 10
22.530189377959804
 20
18.193665489993595
 30
0.0
 10
22.532875637264326
 20
18.217758900849923
 30
0.0
 10
22.534889630142263
 20
18.24254307859429
 30
0.0
 10
22.536159345025133
 20
18.268534920770275
 30
0.0
 10
22.53656339342689
 20
18.296075854929292
 30
0.0
 10
22.535947896984815
 20
18.325374324908655
 30
0.0
 10
22.5341401111533
 20
18.356535070870798
 30
0.0
 10
22.53095940935274
 20
18.389580064234647
 30
0.0
 10
22.526226173192043
 20
18.424464071111633
 30
0.0
 10
22.51976901668323
 20
18.46108670053253
 30
0.0
 10
22.511430664868566
 20
18.49930211689169
 30
0.0
 10
22.50107272188466
 20
18.538927176705364
 30
0.0
 10
22.48857949955775
 20
18.579748484406643
 30
0.0
 10
22.47386103119175
 20
18.62152869057128
 30
0.0
 10
22.45685536210172
 20
18.664012243302164
 30
0.0
 10
22.437530185168615
 20
18.70693072816556
 30
0.0
 10
22.415883873554023
 20
18.750007880960883
 30
0.0
 10
22.391945951713204
 20
18.79296432251232
 30
0.0
 10
22.365777038506483
 20
18.83552204036369
 30
0.0
 10
22.337468291448932
 20
18.877408625347854
 30
0.0
 10
22.30714037814899
 20
18.91836125924667
 30
0.0
 10
22.274941999154976
 20
18.95813044165436
 30
0.0
 10
22.241047985270267
 20
18.996483438669436
 30
0.0
 10
22.205656991512416
 20
19.033207432440317
 30
0.0
 10
22.168988808919224
 20
19.068112348346116
 30
0.0
 10
22.131281313996713
 20
19.10103333530212
 30
0.0
 10
22.092787073384088
 20
19.131832874012645
 30
0.0
 10
22.05376961783617
 20
19.160402487667593
 30
0.0
 10
22.014499394337317
 20
19.186664029323463
 30
0.0
 10
21.975249397310535
 20
19.21057051974845
 30
0.0
 10
21.936290468429704
 20
19.232106508536976
 30
0.0
 10
21.89788623797823
 20
19.251287929456023
 30
0.0
 10
21.86028765681532
 20
19.26816141784625
 30
0.0
 10
21.82372703349321
 20
19.282803052948264
 30
0.0
 10
21.78841144084182
 20
19.295316480652172
 30
0.0
 10
21.754515282508265
 20
19.305830361707383
 30
0.0
 10
21.722171700003475
 20
19.314495076284032
 30
0.0
 10
21.6914623346131
 20
19.32147859778723
 30
0.0
 10
21.66240470296013
 20
19.326961428182997
 30
0.0
 10
21.6349360446262
 20
19.331130468606666
 30
0.0
 10
21.608891860375568
 20
19.33417169650002
 30
0.0
 10
21.583976315356747
 20
19.33626156984517
 30
0.0
 10
21.55971994093791
 20
19.3375572696511
 30
0.0
 10
21.535417106156924
 20
19.338186442555763
 30
0.0
 10
21.5100305972421
 20
19.338238549037463
 30
0.0
 10
21.482041665326232
 20
19.33776357671212
 30
0.0
 10
21.449208335492226
 20
19.33679314151329
 30
0.0
 10
21.408169266449157
 20
19.33542290878443
 30
0.0
 10
21.353797075837758
 20
19.334057622793942
 30
0.0
 10
21.27820540238134
 20
19.3340799891284
 30
0.0
 10
21.169582219687342
 20
19.33957565456663
 30
0.0
 10
21.012479580012716
 20
19.361284268800585
 30
0.0
 10
20.795591513731676
 20
19.42275318794015
 30
0.0
 10
20.534740953566132
 20
19.558670129049133
 30
0.0
 10
20.28971210034247
 20
19.783180200385388
 30
0.0
 10
20.123041861426227
 20
20.051928980287638
 30
0.0
 10
20.041610330482673
 20
20.294952652974775
 30
0.0
 10
20.012522309904604
 20
20.47820771179685
 30
0.0
 10
20.00608529949776
 20
20.60590331092288
 30
0.0
 10
20.007304301986593
 20
20.693953081797776
 30
0.0
 10
20.01034035624677
 20
20.756184010013197
 30
0.0
 10
20.01326559452522
 20
20.802105260906913
 30
0.0
 10
20.01557717345404
 20
20.83790340405401
 30
0.0
 10
20.01722185588356
 20
20.867602579570324
 30
0.0
 10
20.01824203930494
 20
20.893863948246004
 30
0.0
 10
20.018657905415402
 20
20.91847967984165
 30
0.0
 10
20.018436721884914
 20
20.94267240850589
 30
0.0
 10
20.017493154477428
 20
20.96727880278109
 30
0.0
 10
20.015699514743428
 20
20.99286471906028
 30
0.0
 10
20.012898114486525
 20
21.019799507876055
 30
0.0
 10
20.008912964415078
 20
21.048305475498836
 30
0.0
 10
20.00355999759635
 20
21.078491918031535
 30
0.0
 10
19.99665571634782
 20
21.11037937780149
 30
0.0
 10
19.988024397080203
 20
21.143917582187505
 30
0.0
 10
19.97750403987185
 20
21.17899922621065
 30
0.0
 10
19.96495123753473
 20
21.21547097295862
 30
0.0
 10
19.950245109094528
 20
21.253142558360846
 30
0.0
 10
19.933290412058145
 20
21.291794578594743
 30
0.0
 10
19.914019922051175
 20
21.331185339709226
 30
0.0
 10
19.892396148395406
 20
21.371057018647278
 30
0.0
 10
19.868412439421093
 20
21.41114129786408
 30
0.0
 10
19.842093520802795
 20
21.451164576885027
 30
0.0
 10
19.81349550300293
 20
21.49085282386302
 30
0.0
 10
19.782705389164878
 20
21.529936102381946
 30
0.0
 10
19.749840111837106
 20
21.56815278946192
 30
0.0
 10
19.715045125179817
 20
21.605253487342306
 30
0.0
 10
19.6784925783695
 20
21.64100462239927
 30
0.0
 10
19.64037909540652
 20
21.675191718288108
 30
0.0
 10
19.600923186134292
 20
21.70762232623739
 30
0.0
 10
19.560362312705205
 20
21.738128592741564
 30
0.0
 10
19.518949634686418
 20
21.766569443223545
 30
0.0
 10
19.476950454172794
 20
21.792832359181567
 30
0.0
 10
19.43463837928447
 20
21.816834725549935
 30
0.0
 10
19.392291219794895
 20
21.838524724155743
 30
0.0
 10
19.35018662171337
 20
21.857881747885248
 30
0.0
 10
19.30859743753703
 20
21.874916308069874
 30
0.0
 10
19.267786814290698
 20
21.889669404152023
 30
0.0
 10
19.228002960488226
 20
21.902211319242635
 30
0.0
 10
19.189473522908397
 20
21.912639796870266
 30
0.0
 10
19.152399460213474
 20
21.921077541897148
 30
0.0
 10
19.11694823614099
 20
21.927668970697983
 30
0.0
 10
19.08324605950085
 20
21.93257611022949
 30
0.0
 10
19.05136875414487
 20
21.935973509974787
 30
0.0
 10
19.02133062091718
 20
21.938041981912704
 30
0.0
 10
18.993070307546223
 20
21.93896091891178
 30
0.0
 10
18.96643214975532
 20
21.938898861199323
 30
0.0
 10
18.94114054478778
 20
21.93800189310011
 30
0.0
 10
18.91676341255136
 20
21.936379394891784
 30
0.0
 10
18.892658227737922
 20
21.934086758884597
 30
0.0
 10
18.867889620956557
 20
21.931105211892284
 30
0.0
 10
18.84109959993573
 20
21.927320690547884
 30
0.0
 10
18.810297305960912
 20
21.922509041793422
 30
0.0
 10
18.772510678516806
 20
21.91635001063931
 30
0.0
 10
18.723204206654803
 20
21.90853536412698
 30
0.0
 10
18.655331897396266
 20
21.899155777353403
 30
0.0
 10
18.557997348379377
 20
21.88986467929362
 30
0.0
 10
18.415568538973886
 20
21.886974557494398
 30
0.0
 10
18.21156040749126
 20
21.907855153778314
 30
0.0
 10
17.946796763645253
 20
21.985979935110798
 30
0.0
 10
17.665957759280985
 20
22.15241035696307
 30
0.0
 10
17.441207538038512
 20
22.389173888237824
 30
0.0
 10
17.3061260547781
 20
22.629914955447035
 30
0.0
 10
17.240372898685695
 20
22.824161807354834
 30
0.0
 10
17.21149716740619
 20
22.9636627417451
 30
0.0
 10
17.19889634348603
 20
23.060624374219017
 30
0.0
 10
17.192937754790343
 20
23.128882137388395
 30
0.0
 10
17.18958474963022
 20
23.178691315498327
 30
0.0
 10
17.18718104538444
 20
23.216901066665475
 30
0.0
 10
17.185017900835508
 20
23.24800177539547
 30
0.0
 10
17.182746195830152
 20
23.274962249880748
 30
0.0
 10
17.180141455700642
 20
23.299773312599125
 30
0.0
 10
17.17701270229864
 20
23.32378428960758
 30
0.0
 10
17.17317009885699
 20
23.347911276060483
 30
0.0
 10
17.168416666534615
 20
23.37276836186637
 30
0.0
 10
17.16254962058015
 20
23.398752454565948
 30
0.0
 10
17.155365211924998
 20
23.42609974015903
 30
0.0
 10
17.14666448743704
 20
23.454924476365054
 30
0.0
 10
17.13625889983669
 20
23.485246558557396
 30
0.0
 10
17.12397535271613
 20
23.517011809993544
 30
0.0
 10
17.109660545306525
 20
23.55010746696996
 30
0.0
 10
17.093184597107523
 20
23.584374430605337
 30
0.0
 10
17.074443976751706
 20
23.61961730016115
 30
0.0
 10
17.05336377335314
 20
23.655612851027776
 30
0.0
 10
17.029899350191435
 20
23.692117394025193
 30
0.0
 10
17.004037417890324
 20
23.728873304281784
 30
0.0
 10
16.97579656067069
 20
23.76561490918374
 30
0.0
 10
16.945227246134692
 20
23.802073858224485
 30
0.0
 10
16.91241134678197
 20
23.83798405207397
 30
0.0
 10
16.877461200085925
 20
23.873086176858084
 30
0.0
 10
16.84051823331447
 20
23.907131867965024
 30
0.0
 10
16.801751179165574
 20
23.939887512699503
 30
0.0
 10
16.761353908485443
 20
23.97113769077985
 30
0.0
 10
16.719542906641724
 20
24.000688244644493
 30
0.0
 10
16.676554420327786
 20
24.02836896682832
 30
0.0
 10
16.63264130147481
 20
24.054035888581737
 30
0.0
 10
16.588069574323708
 20
24.077573151888434
 30
0.0
 10
16.543114750308174
 20
24.09889444565029
 30
0.0
 10
16.498057912913637
 20
24.117943985651827
 30
0.0
 10
16.453181590707413
 20
24.13469701660351
 30
0.0
 10
16.408765430738555
 20
24.149159812671925
 30
0.0
 10
16.36508167572676
 20
24.161369149939937
 30
0.0
 10
16.32239043580002
 20
24.17139121957671
 30
0.0
 10
16.280934727392285
 20
24.17931994331832
 30
0.0
 10
16.240935225852123
 20
24.18527464204749
 30
0.0
 10
16.202584640641668
 20
24.189396992272666
 30
0.0
 10
16.166041566966722
 20
24.19184718196846
 30
0.0
 10
16.131423586161635
 20
24.19279914347822
 30
0.0
 10
16.098799264471605
 20
24.192434692651442
 30
0.0
 10
16.068178511901078
 20
24.190936334030816
 30
0.0
 10
16.039500469086015
 20
24.188478393530954
 30
0.0
 10
16.012617621459242
 20
24.185216002471417
 30
0.0
 10
15.987274075131129
 20
24.181271269925908
 30
0.0
 10
15.963074651033322
 20
24.176715742293084
 30
0.0
 10
15.939439266620921
 20
24.17154799171334
 30
0.0
 10
15.915533241724859
 20
24.16566503664983
 30
0.0
 10
15.89015731255856
 20
24.158826727072107
 30
0.0
 10
15.86156873364922
 20
24.150614591991282
 30
0.0
 10
15.827182499392979
 20
24.140395132925363
 30
0.0
 10
15.783063516888156
 20
24.1273247968406
 30
0.0
 10
15.723068433599474
 20
24.11051717853202
 30
0.0
 10
15.637497507884625
 20
24.089735821730876
 30
0.0
 10
15.511571134466262
 20
24.067596498867903
 30
0.0
 10
15.326437969066136
 20
24.055177135198274
 30
0.0
 10
15.071387186923442
 20
24.080489153027003
 30
0.0
 10
14.772288882805556
 20
24.18317839157299
 30
0.0
 10
14.49888369842835
 20
24.372105669114305
 30
0.0
 10
14.308329768531754
 20
24.59617179645189
 30
0.0
 10
14.200139868458129
 20
24.793943904792208
 30
0.0
 10
14.144016908399253
 20
24.942277032174204
 30
0.0
 10
14.114488098705129
 20
25.04695390428657
 30
0.0
 10
14.097645563364548
 20
25.12064535969016
 30
0.0
 10
14.086877668148666
 20
25.173958130677377
 30
0.0
 10
14.079081494310069
 20
25.214273170043988
 30
0.0
 10
14.072721495452809
 20
25.246499241895826
 30
0.0
 10
14.066956435959936
 20
25.273892124138197
 30
0.0
 10
14.061256606222916
 20
25.298630545489143
 30
0.0
 10
14.055235318503305
 20
25.32218405331991
 30
0.0
 10
14.048574553506638
 20
25.345543949458214
 30
0.0
 10
14.040992847301899
 20
25.369369769175673
 30
0.0
 10
14.032232493137789
 20
25.39408423448042
 30
0.0
 10
14.022055627754737
 20
25.419936497431575
 30
0.0
 10
14.010244332030167
 20
25.447045549051552
 30
0.0
 10
13.996602425323514
 20
25.47543098680883
 30
0.0
 10
13.980957829045181
 20
25.505035567792653
 30
0.0
 10
13.9631649481292
 20
25.535742320035865
 30
0.0
 10
13.943106799523571
 20
25.567387977427273
 30
0.0
 10
13.920696756734968
 20
25.59977387927321
 30
0.0
 10
13.89587985053167
 20
25.632675081111675
 30
0.0
 10
13.868633602654434
 20
25.66584816962716
 30
0.0
 10
13.838968388827574
 20
25.699038108482895
 30
0.0
 10
13.806927338033754
 20
25.731984331560366
 30
0.0
 10
13.772585781246894
 20
25.76442622579064
 30
0.0
 10
13.736050266805321
 20
25.79610809515334
 30
0.0
 10
13.697457162461026
 20
25.826783662665537
 30
0.0
 10
13.656970866393747
 20
25.856220143199735
 30
0.0
 10
13.614781651367693
 20
25.884201903411785
 30
0.0
 10
13.571103167809042
 20
25.910533713673676
 30
0.0
 10
13.526169632878066
 20
25.935043589149945
 30
0.0
 10
13.480232733538529
 20
25.95758521194617
 30
0.0
 10
13.433558272080743
 20
25.978039922797382
 30
0.0
 10
13.386422582399344
 20
25.996318268451756
 30
0.0
 10
13.339108744379889
 20
26.012361089245122
 30
0.0
 10
13.291902621778412
 20
26.026140129913912
 30
0.0
 10
13.245088745663729
 20
26.03765815503055
 30
0.0
 10
13.19894606040183
 20
26.046948548094708
 30
0.0
 10
13.153743541667382
 20
26.054074369724425
 30
0.0
 10
13.109735685173558
 20
26.059126844862377
 30
0.0
 10
13.0671578493835
 20
26.062223240506963
 30
0.0
 10
13.02622141340263
 20
26.063504082916953
 30
0.0
 10
12.98710867948499
 20
26.06312964470288
 30
0.0
 10
12.949967403348015
 20
26.061275605113984
 30
0.0
 10
12.9149047672238
 20
26.05812774737159
 30
0.0
 10
12.881980508100215
 20
26.053875499551367
 30
0.0
 10
12.851198756905685
 20
26.048704042123493
 30
0.0
 10
12.822497899895456
 20
26.042784583881424
 30
0.0
 10
12.795737383683987
 20
26.0362622314256
 30
0.0
 10
12.770679749399195
 20
26.029240621949512
 30
0.0
 10
12.746965118311913
 20
26.021762125698864
 30
0.0
 10
12.7240735284977
 20
26.01378192823757
 30
0.0
 10
12.701267316436326
 20
26.005133689370457
 30
0.0
 10
12.67749996668563
 20
25.99548391968292
 30
0.0
 10
12.651267274264054
 20
25.984272431839432
 30
0.0
 10
12.62035712279863
 20
25.970639742576623
 30
0.0
 10
12.581418804712113
 20
25.953357551708102
 30
0.0
 10
12.52921541820172
 20
25.930832307244945
 30
0.0
 10
12.455369242063643
 20
25.90142663479563
 30
0.0
 10
12.346586015135788
 20
25.864856742589875
 30
0.0
 10
12.183803227628626
 20
25.82655044356508
 30
0.0
 10
11.948865928016927
 20
25.806886191422183
 30
0.0
 10
11.649141763038852
 20
25.84611771088629
 30
0.0
 10
11.341531813124586
 20
25.975018166766777
 30
0.0
 10
11.098353133857739
 20
26.166763630258995
 30
0.0
 10
10.943580204022794
 20
26.35807743225779
 30
0.0
 10
10.855474340248382
 20
26.51069259543056
 30
0.0
 10
10.805683553687915
 20
26.621112981212143
 30
0.0
 10
10.77588282940012
 20
26.699259770085643
 30
0.0
 10
10.756450255501846
 20
26.755487188091873
 30
0.0
 10
10.742522410650142
 20
26.79748783738825
 30
0.0
 10
10.731546649830504
 20
26.830500949175022
 30
0.0
 10
10.72207701444732
 20
26.858028755345625
 30
0.0
 10
10.713210933871395
 20
26.88241633560707
 30
0.0
 10
10.704324438039007
 20
26.905240640933414
 30
0.0
 10
10.694945207121306
 20
26.92756002450909
 30
0.0
 10
10.68469060678774
 20
26.950074143419183
 30
0.0
 10
10.673237232251081
 20
26.973228113687128
 30
0.0
 10
10.660306110021144
 20
26.997282008366696
 30
0.0
 10
10.645655809976898
 20
27.022358550391612
 30
0.0
 10
10.629079568627139
 20
27.04847685441867
 30
0.0
 10
10.610404404659107
 20
27.0755770760869
 30
0.0
 10
10.589491152440091
 20
27.10353901991378
 30
0.0
 10
10.56623482770899
 20
27.132196652089757
 30
0.0
 10
10.540564999997972
 20
27.16134977771042
 30
0.0
 10
10.512445989116808
 20
27.19077370776096
 30
0.0
 10
10.481876783689813
 20
27.220227461864813
 30
0.0
 10
10.448890626723749
 20
27.249460870199552
 30
0.0
 10
10.41355424151817
 20
27.278220816802172
 30
0.0
 10
10.375966689002055
 20
27.306256785003665
 30
0.0
 10
10.336257859240341
 20
27.333325810346803
 30
0.0
 10
10.2945866078775
 20
27.359196908386444
 30
0.0
 10
10.251138554065495
 20
27.383655018640297
 30
0.0
 10
10.20612356074204
 20
27.406504487950965
 30
0.0
 10
10.159772921413255
 20
27.42757210415694
 30
0.0
 10
10.11233628008011
 20
27.44670968255494
 30
0.0
 10
10.064078312729729
 20
27.463796201969394
 30
0.0
 10
10.015275199906329
 20
27.478739483461467
 30
0.0
 10
9.966210920243974
 20
27.491477402151002
 30
0.0
 10
9.917173394377485
 20
27.50197862074749
 30
0.0
 10
9.868450507200803
 20
27.510242831724984
 30
0.0
 10
9.820326033772217
 20
27.516300493160067
 30
0.0
 10
9.77307548994334
 20
27.520212040588614
 30
0.0
 10
9.726961922518989
 20
27.522066553230527
 30
0.0
 10
9.682231644723723
 20
27.521979846835045
 30
0.0
 10
9.639109909884905
 20
27.520091956208198
 30
0.0
 10
9.597796497929894
 20
27.516563956813933
 30
0.0
 10
9.558461163054728
 20
27.511574054716135
 30
0.0
 10
9.521238852893406
 20
27.505312844693144
 30
0.0
 10
9.486224553573328
 20
27.497977593396612
 30
0.0
 10
9.453467531300156
 20
27.48976534166379
 30
0.0
 10
9.422964613316816
 20
27.480864528069855
 30
0.0
 10
9.39465195193492
 20
27.471444700197836
 30
0.0
 10
9.368394398029055
 20
27.461643679200808
 30
0.0
 10
9.343971092710587
 20
27.45155124449001
 30
0.0
 10
9.321055019919617
 20
27.44118796153514
 30
0.0
 10
9.299182775423702
 20
27.43047712328305
 30
0.0
 10
9.27770818386114
 20
27.419206845526322
 30
0.0
 10
9.255728645320167
 20
27.406978129654586
 30
0.0
 10
9.231964299832912
 20
27.393133428830772
 30
0.0
 10
9.20455356135885
 20
27.3766602392903
 30
0.0
 10
9.170697478911755
 20
27.356070666566595
 30
0.0
 10
9.126029836045442
 20
27.329289046263167
 30
0.0
 10
9.063511359383252
 20
27.293696416825725
 30
0.0
 10
8.971655286057182
 20
27.246868307105874
 30
0.0
 10
8.832654059686488
 20
27.18960205388993
 30
0.0
 10
8.624729523173416
 20
27.134204222915503
 30
0.0
 10
8.339991299201191
 20
27.115437536915067
 30
0.0
 10
8.01592649917657
 20
27.1775339375467
 30
0.0
 10
7.728268578960112
 20
27.32190101911469
 30
0.0
 10
7.525492738287325
 20
27.4945651598292
 30
0.0
 10
7.401241595775943
 20
27.64508788853073
 30
0.0
 10
7.327776642082964
 20
27.75830787554936
 30
0.0
 10
7.282799510253112
 20
27.83944191495236
 30
0.0
 10
7.253352720683753
 20
27.897736489751374
 30
0.0
 10
7.232497376924641
 20
27.940860685239645
 30
0.0
 10
7.216459182592049
 20
27.97424414577898
 30
0.0
 10
7.203064162574849
 20
28.001569469381867
 30
0.0
 10
7.190962730647195
 20
28.025312837822284
 30
0.0
 10
7.1792482515025
 20
28.047137893063596
 30
0.0
 10
7.167265761389877
 20
28.068157069297314
 30
0.0
 10
7.154513441536718
 20
28.089101761177783
 30
0.0
 10
7.1405905873505455
 20
28.110434052450795
 30
0.0
 10
7.125169573506274
 20
28.13242154700324
 30
0.0
 10
7.107980522224053
 20
28.1551887797104
 30
0.0
 10
7.088802828194329
 20
28.178753559838853
 30
0.0
 10
7.067460418839899
 20
28.203053455488703
 30
0.0
 10
7.043819032407065
 20
28.22796570577707
 30
0.0
 10
7.017784541967262
 20
28.253322663386637
 30
0.0
 10
6.989301761957438
 20
28.278924130966523
 30
0.0
 10
6.95835340470066
 20
28.3045474864346
 30
0.0
 10
6.924958988683577
 20
28.329956190641177
 30
0.0
 10
6.889173580894028
 20
28.354907073677694
 30
0.0
 10
6.851086305265693
 20
28.379156665353513
 30
0.0
 10
6.81081858098592
 20
28.40246674754049
 30
0.0
 10
6.768522075304453
 20
28.42460924648133
 30
0.0
 10
6.724376369695869
 20
28.44537054238505
 30
0.0
 10
6.678586348213992
 20
28.464555245615664
 30
0.0
 10
6.631379324080681
 20
28.481989469510367
 30
0.0
 10
6.583001925834897
 20
28.497523616657634
 30
0.0
 10
6.533716768249671
 20
28.511034686483956
 30
0.0
 10
6.483798935997089
 20
28.522428105951295
 30
0.0
 10
6.433532309867425
 20
28.53163908112182
 30
0.0
 10
6.383205766289592
 20
28.53863346459239
 30
0.0
 10
6.333109280947112
 20
28.543408131770775
 30
0.0
 10
6.283529966359807
 20
28.545990857154877
 30
0.0
 10
6.234748071259243
 20
28.54643967970374
 30
0.0
 10
6.187032966185337
 20
28.544841743537187
 30
0.0
 10
6.140639134609547
 20
28.541311595954706
 30
0.0
 10
6.0958021814968335
 20
28.535988918357905
 30
0.0
 10
6.052734860727076
 20
28.529035656052876
 30
0.0
 10
6.011623107946642
 20
28.52063249867617
 30
0.0
 10
5.972622044266304
 20
28.51097464207433
 30
0.0
 10
5.93585188572571
 20
28.500266731903377
 30
0.0
 10
5.901393648767441
 20
28.48871684457046
 30
0.0
 10
5.869284475292464
 20
28.47652929577468
 30
0.0
 10
5.839512299313372
 20
28.463895970673345
 30
0.0
 10
5.812009419120814
 20
28.450985726991913
 30
0.0
 10
5.786644286990414
 20
28.437931208956684
 30
0.0
 10
5.763210417254987
 20
28.424812088029498
 30
0.0
 10
5.741410624779423
 20
28.41163325774497
 30
0.0
 10
5.720833620370435
 20
28.398295766633172
 30
0.0
 10
5.700917891041552
 20
28.384557150831643
 30
0.0
 10
5.680893973453941
 20
28.3699761775321
 30
0.0
 10
5.659689098551908
 20
28.353834756281568
 30
0.0
 10
5.635764588954066
 20
28.33502737178064
 30
0.0
 10
5.6068301344795435
 20
28.311908624857562
 30
0.0
 10
5.5693292318382985
 20
28.28210386180008
 30
0.0
 10
5.517505523092553
 20
28.242358747901918
 30
0.0
 10
5.4417797871604385
 20
28.188774350405787
 30
0.0
 10
5.326465839690693
 20
28.118641915680048
 30
0.0
 10
5.149210064135427
 20
28.036936173510764
 30
0.0
 10
4.891599181541777
 20
27.96935229807766
 30
0.0
 10
4.569789821664953
 20
27.964092146045264
 30
0.0
 10
4.250874907167967
 20
28.04875166941845
 30
0.0
 10
4.002477191759891
 20
28.18920315454528
 30
0.0
 10
3.8391798755307573
 20
28.32932995095915
 30
0.0
 10
3.738790994041094
 20
28.44123543412778
 30
0.0
 10
3.6763494869875943
 20
28.523280959683458
 30
0.0
 10
3.6354653489916258
 20
28.58247456115149
 30
0.0
 10
3.606841302923368
 20
28.625984531181278
 30
0.0
 10
3.5852715074495913
 20
28.65922469885277
 30
0.0
 10
3.5677227345112676
 20
28.685959603484868
 30
0.0
 10
3.5523187896215678
 20
28.70874421099027
 30
0.0
 10
3.537821750632323
 20
28.729298467651343
 30
0.0
 10
3.5233638024375176
 20
28.748770113125946
 30
0.0
 10
3.5083048496254494
 20
28.76791025616501
 30
0.0
 10
3.492154641424188
 20
28.78719016282505
 30
0.0
 10
3.4745289469901026
 20
28.806880007334005
 30
0.0
 10
3.455124212011009
 20
28.827103147794737
 30
0.0
 10
3.433702495677404
 20
28.847874522833177
 30
0.0
 10
3.410082234477568
 20
28.86912859888892
 30
0.0
 10
3.384132339692663
 20
28.890740321341813
 30
0.0
 10
3.355768192333757
 20
28.91254128950981
 30
0.0
 10
3.32494868690318
 20
28.934332599927295
 30
0.0
 10
3.2916738121521627
 20
28.955895308546392
 30
0.0
 10
3.2559824557226547
 20
28.976999143821345
 30
0.0
 10
3.217950240147157
 20
28.997409894051227
 30
0.0
 10
3.1776872728960743
 20
29.01689575399579
 30
0.0
 10
3.1353357413794973
 20
29.03523282289841
 30
0.0
 10
3.091067315574191
 20
29.052209883071804
 30
0.0
 10
3.045080342437072
 20
29.067632545180736
 30
0.0
 10
2.997596831176795
 20
29.081326816841063
 30
0.0
 10
2.9488592390221844
 20
29.09314213089062
 30
0.0
 10
2.8991270747307643
 20
29.102953855826495
 30
0.0
 10
2.8486733425716797
 20
29.1106653014902
 30
0.0
 10
2.797780853428681
 20
29.116209226753202
 30
0.0
 10
2.7467384323167026
 20
29.119548851722335
 30
0.0
 10
2.6958370531803233
 20
29.12067837410232
 30
0.0
 10
2.6453659324257157
 20
29.119622987224847
 30
0.0
 10
2.595608612241449
 20
29.116438395363705
 30
0.0
 10
2.5468390633244775
 20
29.111209819806575
 30
0.0
 10
2.499317833998183
 20
29.10405048622094
 30
0.0
 10
2.453288268647477
 20
29.095099579519864
 30
0.0
 10
2.4089728125042758
 20
29.08451964592826
 30
0.0
 10
2.366569411490691
 20
29.072493412239545
 30
0.0
 10
2.3262480041228084
 20
29.059219977901623
 30
0.0
 10
2.2881470859328146
 20
29.04491031453615
 30
0.0
 10
2.2523703031695224
 20
29.029781976779674
 30
0.0
 10
2.218982998002183
 20
29.014052883493743
 30
0.0
 10
2.188008576085676
 20
28.99793396268963
 30
0.0
 10
2.159424489239173
 20
28.981620356624354
 30
0.0
 10
2.1331575044255255
 20
28.96528073939093
 30
0.0
 10
2.1090777363623396
 20
28.94904408267421
 30
0.0
 10
2.0869906040422035
 20
28.93298287608023
 30
0.0
 10
2.0666253389569826
 20
28.917091302669974
 30
0.0
 10
2.047617753208
 20
28.90125608677959
 30
0.0
 10
2.0294833405456787
 20
28.885216512807766
 30
0.0
 10
2.0115737895181756
 20
28.868508230316632
 30
0.0
 10
1.993004352427109
 20
28.850382627929193
 30
0.0
 10
1.972528638285464
 20
28.82968965237597
 30
0.0
 10
1.9483159671034704
 20
28.804708070567592
 30
0.0
 10
1.91754401373304
 20
28.772909858521977
 30
0.0
 10
1.8756397072620117
 20
28.730682183199484
 30
0.0
 10
1.814883561481293
 20
28.673204408980318
 30
0.0
 10
1.7221140030242361
 20
28.595322491655796
 30
0.0
 10
1.576516125040383
 20
28.49604868247992
 30
0.0
 10
1.3540625859090438
 20
28.39083436038992
 30
0.0
 10
1.051770927893154
 20
28.32358894185589
 30
0.0
 10
0.7186961277919766
 20
28.34092059930767
 30
0.0
 10
0.4316320678323473
 20
28.435619663034622
 30
0.0
 10
0.2284928742198297
 20
28.555272016039634
 30
0.0
 10
0.09845113069814018
 20
28.660413603413126
 30
0.0
 10
0.016307911455553877
 20
28.740561211045794
 30
0.0
 10
-0.03746655114492985
 20
28.799095461484693
 30
0.0
 10
-0.07472683989764828
 20
28.842040206021593
 30
0.0
 10
-0.10231059066791026
 20
28.87450562500964
 30
0.0
 10
-0.12424467264882473
 20
28.9001996657157
 30
0.0
 10
-0.14301502957532977
 20
28.921682805900556
 30
0.0
 10
-0.16024179361959576
 20
28.940689214550193
 30
0.0
 10
-0.17703715046523436
 20
28.95837625309596
 30
0.0
 10
-0.1941992823112215
 20
28.975498451151218
 30
0.0
 10
-0.21232062871844964
 20
28.992525736259715
 30
0.0
 10
-0.2318502149382279
 20
29.009724087857165
 30
0.0
 10
-0.2531306642623746
 20
29.027211477199895
 30
0.0
 10
-0.276420886235111
 20
29.04499755994633
 30
0.0
 10
-0.30191047447539837
 20
29.063012583395402
 30
0.0
 10
-0.32972922576059455
 20
29.08112902695625
 30
0.0
 10
-0.359953765047642
 20
29.099178256447605
 30
0.0
 10
-0.39261246093189944
 20
29.116963684162986
 30
0.0
 10
-0.4276893538778865
 20
29.134271420576113
 30
0.0
 10
-0.46512754495358244
 20
29.150879075349547
 30
0.0
 10
-0.504832325183145
 20
29.166563149867198
 30
0.0
 10
-0.5466742206318356
 20
29.181105320388124
 30
0.0
 10
-0.5904920608953588
 20
29.194297814787568
 30
0.0
 10
-0.63609613427829
 20
29.20594802068056
 30
0.0
 10
-0.6832714630483095
 20
29.21588241824194
 30
0.0
 10
-0.7317812115734716
 20
29.22394990055339
 30
0.0
 10
-0.7813702257217671
 20
29.230024523417118
 30
0.0
 10
-0.8317686916492538
 20
29.234007712310618
 30
0.0
 10
-0.8826958947754939
 20
29.235829944490323
 30
0.0
 10
-0.9338640545530076
 20
29.23545191776783
 30
0.0
 10
-0.9849822070675625
 20
29.232865213155147
 30
0.0
 10
-1.035760105245263
 20
29.22809245563911
 30
0.0
 10
-1.0859121052928646
 20
29.22118697518487
 30
0.0
 10
-1.1351610078668206
 20
29.21223196816364
 30
0.0
 10
-1.1832418233284563
 20
29.201339157246974
 30
0.0
 10
-1.229905432354461
 20
29.188646944890703
 30
0.0
 10
-1.2749221162673934
 20
29.17431805123926
 30
0.0
 10
-1.3180849359861733
 20
29.158536620855166
 30
0.0
 10
-1.3592129448756567
 20
29.14150477311548
 30
0.0
 10
-1.3981542296633498
 20
29.123438557016755
 30
0.0
 10
-1.4347887860253397
 20
29.104563250500547
 30
0.0
 10
-1.4690312530938154
 20
29.085107914337314
 30
0.0
 10
-1.500833556691086
 20
29.065299066740124
 30
0.0
 10
-1.5301875489461143
 20
29.045353280636093
 30
0.0
 10
-1.5571277894360516
 20
29.02546841075264
 30
0.0
 10
-1.5817347025482165
 20
29.005813016522094
 30
0.0
 10
-1.604138488966428
 20
28.986513334126947
 30
0.0
 10
-1.6245244043632967
 20
28.967636826448008
 30
0.0
 10
-1.6431404153536813
 20
28.949170837842292
 30
0.0
 10
-1.6603089323562723
 20
28.930994095061624
 30
0.0
 10
-1.6764455533365812
 20
28.9128375535057
 30
0.0
 10
-1.6920900301635762
 20
28.894229115050383
 30
0.0
 10
-1.7079589980645933
 20
28.874413631010746
 30
0.0
 10
-1.7250384633618003
 20
28.852234862477268
 30
0.0
 10
-1.744750992884226
 20
28.825959675088956
 30
0.0
 10
-1.7692671428246292
 20
28.79301971276727
 30
0.0
 10
-1.802100225605619
 20
28.74965858048486
 30
0.0
 10
-1.8492483498155503
 20
28.69057257554561
 30
0.0
 10
-1.9212704807274292
 20
28.609074042944716
 30
0.0
 10
-2.036194852458501
 20
28.499781352855624
 30
0.0
 10
-2.219480686106172
 20
28.368536678680293
 30
0.0
 10
-2.4883824937382935
 20
28.249338325204743
 30
0.0
 10
-2.816684526786209
 20
28.19774679353417
 30
0.0
 10
-3.130717978026308
 20
28.23500087709003
 30
0.0
 10
-3.371493265411157
 20
28.322857924063456
 30
0.0
 10
-3.5329039239064626
 20
28.414373654127452
 30
0.0
 10
-3.636753773818947
 20
28.488957900535702
 30
0.0
 10
-3.7048338210927914
 20
28.5448090892552
 30
0.0
 10
-3.7515949710857233
 20
28.585983121160787
 30
0.0
 10
-3.7856737945141106
 20
28.61690159616143
 30
0.0
 10
-3.8122206639521172
 20
28.641028638519895
 30
0.0
 10
-3.834414971651991
 20
28.66083163607998
 30
0.0
 10
-3.8543108624960905
 20
28.67800294314885
 30
0.0
 10
-3.873296928142735
 20
28.693675737981668
 30
0.0
 10
-3.8923494707348456
 20
28.708586729335423
 30
0.0
 10
-3.9121758291051543
 20
28.72319085452153
 30
0.0
 10
-3.9332980200423573
 20
28.737741088380563
 30
0.0
 10
-3.9561031304032857
 20
28.752344431606584
 30
0.0
 10
-3.980874693757402
 20
28.767001895923276
 30
0.0
 10
-4.007812925094344
 20
28.78163771701332
 30
0.0
 10
-4.03704829398605
 20
28.79612123854315
 30
0.0
 10
-4.068651057580422
 20
28.810283729811825
 30
0.0
 10
-4.102638326765779
 20
28.823931630620415
 30
0.0
 10
-4.13897963083588
 20
28.83685721671338
 30
0.0
 10
-4.177601583405122
 20
28.84884735183176
 30
0.0
 10
-4.218392030380765
 20
28.859690776350078
 30
0.0
 10
-4.261203921534612
 20
28.86918423842239
 30
0.0
 10
-4.305859057739301
 20
28.87713767660939
 30
0.0
 10
-4.352151807139291
 20
28.883378597173436
 30
0.0
 10
-4.399852844063897
 20
28.887755744319676
 30
0.0
 10
-4.448712937486871
 20
28.89014213091198
 30
0.0
 10
-4.4984667970471195
 20
28.890437476144374
 30
0.0
 10
-4.548836971411004
 20
28.888570082304664
 30
0.0
 10
-4.599537784372049
 20
28.884498173074185
 30
0.0
 10
-4.650279287461748
 20
28.878210709326403
 30
0.0
 10
-4.700771203262532
 20
28.8697276940813
 30
0.0
 10
-4.750726830607156
 20
28.859099975367318
 30
0.0
 10
-4.799866881110197
 20
28.84640855362219
 30
0.0
 10
-4.847923215817539
 20
28.831763398405506
 30
0.0
 10
-4.894642451071631
 20
28.815301777108978
 30
0.0
 10
-4.939789403940469
 20
28.79718609552393
 30
0.0
 10
-4.98315034978464
 20
28.777601245974903
 30
0.0
 10
-5.0245360678584285
 20
28.756751452527826
 30
0.0
 10
-5.063784655502348
 20
28.734856593562828
 30
0.0
 10
-5.1007640978848166
 20
28.712147968442792
 30
0.0
 10
-5.135374589077596
 20
28.688863455200867
 30
0.0
 10
-5.167550612603455
 20
28.66524197734892
 30
0.0
 10
-5.197262807310267
 20
28.641517155925982
 30
0.0
 10
-5.224519670533815
 20
28.617909961491073
 30
0.0
 10
-5.249369190143967
 20
28.594620090220335
 30
0.0
 10
-5.271900559023571
 20
28.57181565341078
 30
0.0
 10
-5.292246225239558
 20
28.54962056633754
 30
0.0
 10
-5.310584696299982
 20
28.52809871148717
 30
0.0
 10
-5.327144797349574
 20
28.50723346874047
 30
0.0
 10
-5.342212577220749
 20
28.48690044527224
 30
0.0
 10
-5.3561429503891915
 20
28.466830024751104
 30
0.0
 10
-5.369379832284034
 20
28.446554397203386
 30
0.0
 10
-5.382491738713415
 20
28.425330556501393
 30
0.0
 10
-5.396236185678367
 20
28.402025664188166
 30
0.0
 10
-5.411679203366694
 20
28.374943447097877
 30
0.0
 10
-5.430423455766946
 20
28.341560579031874
 30
0.0
 10
-5.455055801470847
 20
28.29813887463517
 30
0.0
 10
-5.490040237890021
 20
28.23922608977006
 30
0.0
 10
-5.543463263600732
 20
28.157333970128484
 30
0.0
 10
-5.63000658554513
 20
28.044176681456886
 30
0.0
 10
-5.773528682568291
 20
27.897695540424028
 30
0.0
 10
-5.999686528015912
 20
27.73940499268552
 30
0.0
 10
-6.30490732664572
 20
27.62360388831251
 30
0.0
 10
-6.630145980206796
 20
27.595506736855384
 30
0.0
 10
-6.9025868529067305
 20
27.639995380837416
 30
0.0
 10
-7.095451579362187
 20
27.709698424540427
 30
0.0
 10
-7.222521525676212
 20
27.77409987868892
 30
0.0
 10
-7.306185667745028
 20
27.82470274686216
 30
0.0
 10
-7.3632668551989315
 20
27.862602153862586
 30
0.0
 10
-7.40429980328404
 20
27.89103618345803
 30
0.0
 10
-7.435672074767734
 20
27.912980281988418
 30
0.0
 10
-7.461336286546105
 20
27.930680042202678
 30
0.0
 10
-7.48383121918465
 20
27.945713532605446
 30
0.0
 10
-7.504853318038591
 20
27.959146509346734
 30
0.0
 10
-7.525576601627303
 20
27.971670950733614
 30
0.0
 10
-7.54683566327171
 20
27.983709612391237
 30
0.0
 10
-7.569233432094013
 20
27.995491368855763
 30
0.0
 10
-7.593206657129534
 20
28.007105144428163
 30
0.0
 10
-7.619067031495127
 20
28.018538901234493
 30
0.0
 10
-7.647027930721859
 20
28.029708329975218
 30
0.0
 10
-7.677222466944992
 20
28.040478423013756
 30
0.0
 10
-7.709716206926598
 20
28.050680069482418
 30
0.0
 10
-7.744516569919177
 20
28.060123106994755
 30
0.0
 10
-7.7815801465759495
 20
28.068606794356562
 30
0.0
 10
-7.820818717199534
 20
28.0759283571177
 30
0.0
 10
-7.862104463935963
 20
28.08189004932149
 30
0.0
 10
-7.905274693452292
 20
28.086305034856156
 30
0.0
 10
-7.95013627230375
 20
28.089002297188678
 30
0.0
 10
-7.996469902204697
 20
28.089830721882787
 30
0.0
 10
-8.044034312245444
 20
28.08866245229446
 30
0.0
 10
-8.092570410923766
 20
28.085395588702934
 30
0.0
 10
-8.141805417219945
 20
28.07995628052554
 30
0.0
 10
-8.191456973402145
 20
28.072300247250286
 30
0.0
 10
-8.241237230594036
 20
28.062413754279365
 30
0.0
 10
-8.29085688994198
 20
28.050314063595234
 30
0.0
 10
-8.34002917653278
 20
28.03604937501417
 30
0.0
 10
-8.388473719407626
 20
28.019698271019987
 30
0.0
 10
-8.435920308665136
 20
28.001368676165733
 30
0.0
 10
-8.482112499459388
 20
27.981196340286417
 30
0.0
 10
-8.526811032487409
 20
27.95934285280521
 30
0.0
 10
-8.569797041206636
 20
27.935993192750768
 30
0.0
 10
-8.610875017471935
 20
27.911352815181164
 30
0.0
 10
-8.649875509541044
 20
27.8856442688422
 30
0.0
 10
-8.686657529553987
 20
27.859103331175618
 30
0.0
 10
-8.721110651838545
 20
27.831974633987347
 30
0.0
 10
-8.753156789096566
 20
27.8045067344208
 30
0.0
 10
-8.782751641321372
 20
27.776946558764458
 30
0.0
 10
-8.809885823283203
 20
27.749533107200943
 30
0.0
 10
-8.834585692490288
 20
27.72249025002366
 30
0.0
 10
-8.856913923961645
 20
27.69601836106386
 30
0.0
 10
-8.876969916697739
 20
27.670284407898677
 30
0.0
 10
-8.894890179709085
 20
27.645409928202668
 30
0.0
 10
-8.910848951676705
 20
27.621456030639052
 30
0.0
 10
-8.925059492978447
 20
27.598404106470753
 30
0.0
 10
-8.937776819562979
 20
27.576130223560863
 30
0.0
 10
-8.949303258776213
 20
27.554370026922438
 30
0.0
 10
-8.959999369823564
 20
27.532669099503586
 30
0.0
 10
-8.970305053070668
 20
27.51031065413229
 30
0.0
 10
-8.9807802804038
 20
27.48620733752953
 30
0.0
 10
-8.992184462058933
 20
27.45873570402481
 30
0.0
 10
-9.005634033610505
 20
27.425479735011628
 30
0.0
 10
-9.022922969033138
 20
27.382836904259204
 30
0.0
 10
-9.04718856648634
 20
27.32545148074188
 30
0.0
 10
-9.084293647009627
 20
27.245592472999792
 30
0.0
 10
-9.145498237006235
 20
27.133335627763138
 30
0.0
 10
-9.2512170281099
 20
26.980849344010778
 30
0.0
 10
-9.43002832215527
 20
26.797224397884225
 30
0.0
 10
-9.696798744131923
 20
26.62740562036611
 30
0.0
 10
-10.01497338184521
 20
26.531443070589997
 30
0.0
 10
-10.30896376634706
 20
26.52216495442579
 30
0.0
 10
-10.531043526361607
 20
26.560887577105444
 30
0.0
 10
-10.68200712848863
 20
26.609493072242604
 30
0.0
 10
-10.782257714297666
 20
26.651671481436473
 30
0.0
 10
-10.850373163143368
 20
26.684449327990873
 30
0.0
 10
-10.89876843877339
 20
26.709270617530567
 30
0.0
 10
-10.935148840649001
 20
26.728311339287348
 30
0.0
 10
-10.964309592606412
 20
26.74343151910588
 30
0.0
 10
-10.989320666139918
 20
26.756003396817675
 30
0.0
 10
-11.012215728492029
 20
26.766971243910966
 30
0.0
 10
-11.034384813923923
 20
26.776948983537288
 30
0.0
 10
-11.056801235200018
 20
26.78630604478024
 30
0.0
 10
-11.080156127650078
 20
26.79523358379334
 30
0.0
 10
-11.104940666179694
 20
26.803793680186153
 30
0.0
 10
-11.131497951029177
 20
26.811955708741877
 30
0.0
 10
-11.16005688347652
 20
26.819623483118765
 30
0.0
 10
-11.190755102068326
 20
26.826655841937598
 30
0.0
 10
-11.223655141740458
 20
26.832882558368393
 30
0.0
 10
-11.258756327165369
 20
26.838116870776304
 30
0.0
 10
-11.296003949497132
 20
26.842165523373072
 30
0.0
 10
-11.335296700286335
 20
26.84483692592244
 30
0.0
 10
-11.376492983626116
 20
26.845947851170404
 30
0.0
 10
-11.41941650628858
 20
26.84532895918643
 30
0.0
 10
-11.463861403678212
 20
26.842829349483313
 30
0.0
 10
-11.50959706651936
 20
26.838320281339925
 30
0.0
 10
-11.55637277121605
 20
26.831698161292515
 30
0.0
 10
-11.603922174767225
 20
26.82288686832541
 30
0.0
 10
-11.651967706171584
 20
26.811839467852955
 30
0.0
 10
-11.700224866099246
 20
26.798539352394698
 30
0.0
 10
-11.748406432485071
 20
26.783000837997022
 30
0.0
 10
-11.796226559797677
 20
26.765269239607143
 30
0.0
 10
-11.843404752867304
 20
26.74542044478381
 30
0.0
 10
-11.889669691502537
 20
26.72356000260401
 30
0.0
 10
-11.934762879136954
 20
26.699821742824756
 30
0.0
 10
-11.978442087036935
 20
26.674365938794356
 30
0.0
 10
-12.020484564892696
 20
26.647377025832064
 30
0.0
 10
-12.06068998871307
 20
26.619060884353363
 30
0.0
 10
-12.098883117708104
 20
26.589641693388334
 30
0.0
 10
-12.134916133181333
 20
26.55935835469571
 30
0.0
 10
-12.168670634319163
 20
26.52846047957828
 30
0.0
 10
-12.200059268171957
 20
26.497203918618116
 30
0.0
 10
-12.22902697416938
 20
26.465845797249028
 30
0.0
 10
-12.255551827448107
 20
26.434638994999556
 30
0.0
 10
-12.279645470584576
 20
26.40382596984945
 30
0.0
 10
-12.301353130963653
 20
26.37363177609061
 30
0.0
 10
-12.320753232728059
 20
26.34425604611029
 30
0.0
 10
-12.337956631308257
 20
26.315863590639648
 30
0.0
 10
-12.35310553103404
 20
26.288573097503253
 30
0.0
 10
-12.366372203871734
 20
26.26244314207237
 30
0.0
 10
-12.377957732332325
 20
26.23745430777082
 30
0.0
 10
-12.388091196421609
 20
26.213485558509813
 30
0.0
 10
-12.397030103249099
 20
26.19028194718516
 30
0.0
 10
-12.405063606435045
 20
26.16740900985074
 30
0.0
 10
-12.412521581660112
 20
26.144186306527587
 30
0.0
 10
-12.41979578810661
 20
26.119587711247252
 30
0.0
 10
-12.427386110145413
 20
26.09208791810803
 30
0.0
 10
-12.435999808701636
 20
26.05942154583727
 30
0.0
 10
-12.446765692023085
 20
26.01820307312255
 30
0.0
 10
-12.461703025863217
 20
25.963344561850157
 30
0.0
 10
-12.484755083107553
 20
25.887275159596555
 30
0.0
 10
-12.52398882267344
 20
25.779424053174566
 30
0.0
 10
-12.595533160047859
 20
25.62827175830861
 30
0.0
 10
-12.726640039027513
 20
25.43232992039392
 30
0.0
 10
-12.944187436284036
 20
25.22245658445488
 30
0.0
 10
-13.236757537517729
 20
25.062325560987947
 30
0.0
 10
-13.538289604048718
 20
24.99175215471218
 30
0.0
 10
-13.784364100837921
 20
24.990028010034507
 30
0.0
 10
-13.958616547655676
 20
25.016298069792825
 30
0.0
 10
-14.075990729212942
 20
25.04621604977516
 30
0.0
 10
-14.155668796689481
 20
25.071640631237237
 30
0.0
 10
-14.21174517391407
 20
25.0915048548899
 30
0.0
 10
-14.253266473045004
 20
25.106802603809673
 30
0.0
 10
-14.285920438112807
 20
25.118804746983493
 30
0.0
 10
-14.313346764709015
 20
25.128564394328347
 30
0.0
 10
-14.33794165356015
 20
25.136838020993004
 30
0.0
 10
-14.361327053555533
 20
25.144121000387933
 30
0.0
 10
-14.384624905130721
 20
25.150703930418302
 30
0.0
 10
-14.408620790824777
 20
25.156723884575705
 30
0.0
 10
-14.433864355944875
 20
25.162205540117043
 30
0.0
 10
-14.460732870918273
 20
25.167092939681726
 30
0.0
 10
-14.48947281361654
 20
25.171273842097953
 30
0.0
 10
-14.52022804340829
 20
25.174598510952425
 30
0.0
 10
-14.55305962417248
 20
25.176894391660248
 30
0.0
 10
-14.587960351649599
 20
25.17797773949081
 30
0.0
 10
-14.624865871996326
 20
25.17766295405669
 30
0.0
 10
-14.663663579212189
 20
25.175770151119462
 30
0.0
 10
-14.7042000505864
 20
25.172131343473826
 30
0.0
 10
-14.74628751065632
 20
25.166595491587195
 30
0.0
 10
-14.789709642103126
 20
25.159032607555744
 30
0.0
 10
-14.834226949601355
 20
25.14933704253416
 30
0.0
 10
-14.879581807853404
 20
25.13743005088701
 30
0.0
 10
-14.925503274466568
 20
25.12326169889503
 30
0.0
 10
-14.971711713655386
 20
25.10681216845632
 30
0.0
 10
-15.017923252715935
 20
25.088092494450155
 30
0.0
 10
-15.063854076448612
 20
25.06714476657989
 30
0.0
 10
-15.109224552990131
 20
25.04404182137399
 30
0.0
 10
-15.153763176385528
 20
25.01888644672065
 30
0.0
 10
-15.197210305690932
 20
24.991810119170356
 30
0.0
 10
-15.239321676757177
 20
24.962971292739212
 30
0.0
 10
-15.279871660614797
 20
24.932553256634403
 30
0.0
 10
-15.318656241203945
 20
24.900761577791634
 30
0.0
 10
-15.355495684795693
 20
24.867821141945043
 30
0.0
 10
-15.390236873618305
 20
24.83397280366926
 30
0.0
 10
-15.422755276752703
 20
24.799469650871295
 30
0.0
 10
-15.452956532137183
 20
24.764572881809663
 30
0.0
 10
-15.480777614387131
 20
24.72954728185646
 30
0.0
 10
-15.506187563970068
 20
24.69465627142797
 30
0.0
 10
-15.52918775400743
 20
24.66015647367008
 30
0.0
 10
-15.549811671600313
 20
24.626291717421
 30
0.0
 10
-15.568124191273183
 20
24.593286342890053
 30
0.0
 10
-15.584220319423054
 20
24.56133760696761
 30
0.0
 10
-15.598223391802952
 20
24.530606880476824
 30
0.0
 10
-15.610282713805185
 20
24.501209172386247
 30
0.0
 10
-15.620570651450505
 20
24.473200275751942
 30
0.0
 10
-15.629279221756766
 20
24.446560456816307
 30
0.0
 10
-15.636616320358845
 20
24.42117301769428
 30
0.0
 10
-15.642801917166834
 20
24.39679510929562
 30
0.0
 10
-15.64806496800468
 20
24.37301660153696
 30
0.0
 10
-15.652642698876663
 20
24.349200186534762
 30
0.0
 10
-15.65678592194784
 20
24.324391411697462
 30
0.0
 10
-15.660778526037577
 20
24.297179668461837
 30
0.0
 10
-15.664989583738166
 20
24.26547822448255
 30
0.0
 10
-15.670000929708866
 20
24.22617108473453
 30
0.0
 10
-15.67691203560434
 20
24.17455044815752
 30
0.0
 10
-15.688064229992975
 20
24.103479893391555
 30
0.0
 10
-15.708723864507109
 20
24.00246707455866
 30
0.0
 10
-15.750617151947885
 20
23.858086614809608
 30
0.0
 10
-15.83694421170372
 20
23.66098468352844
 30
0.0
 10
-15.999803204613059
 20
23.426666538428996
 30
0.0
 10
-16.250403223531524
 20
23.212018947936
 30
0.0
 10
-16.542625732612272
 20
23.077130332811226
 30
0.0
 10
-16.804048662438998
 20
23.026248127571513
 30
0.0
 10
-16.99920139078996
 20
23.02295405891683
 30
0.0
 10
-17.1335249905074
 20
23.03610835253431
 30
0.0
 10
-17.2250009198252
 20
23.051530061030014
 30
0.0
 10
-17.288937226654156
 20
23.064853706777942
 30
0.0
 10
-17.33565617449105
 20
23.07543583854968
 30
0.0
 10
-17.371756065541025
 20
23.083710920495545
 30
0.0
 10
-17.4014715221788
 20
23.090275332736695
 30
0.0
 10
-17.42757995452015
 20
23.095617800357083
 30
0.0
 10
-17.451947328095198
 20
23.100066751129017
 30
0.0
 10
-17.47585174219637
 20
23.103803705145786
 30
0.0
 10
-17.50017790307759
 20
23.106892341800652
 30
0.0
 10
-17.525536917585857
 20
23.109307482131065
 30
0.0
 10
-17.552342277913777
 20
23.110959826637945
 30
0.0
 10
-17.580859615391002
 20
23.111716022601172
 30
0.0
 10
-17.611240399023554
 20
23.11141469774075
 30
0.0
 10
-17.64354559704289
 20
23.10987926731965
 30
0.0
 10
-17.677762941960125
 20
23.10692822111341
 30
0.0
 10
-17.7138200490047
 20
23.102383441333284
 30
0.0
 10
-17.751594805220748
 20
23.096076961162066
 30
0.0
 10
-17.790923936346058
 20
23.0878564619518
 30
0.0
 10
-17.831610339049146
 20
23.07758972412227
 30
0.0
 10
-17.87342956173462
 20
23.065168186820074
 30
0.0
 10
-17.91613568387862
 20
23.050509728761508
 30
0.0
 10
-17.95946675542382
 20
23.033560752716323
 30
0.0
 10
-18.003149898142908
 20
23.01429763525343
 30
0.0
 10
-18.0469061301401
 20
22.992727589062213
 30
0.0
 10
-18.09045494652842
 20
22.968888975500775
 30
0.0
 10
-18.133518669764946
 20
22.942851098641405
 30
0.0
 10
-18.175826569504682
 20
22.914713507979844
 30
0.0
 10
-18.21711874239407
 20
22.884604834410226
 30
0.0
 10
-18.25714973576702
 20
22.852681182464792
 30
0.0
 10
-18.295691894905243
 20
22.819124100723155
 30
0.0
 10
-18.33253841078656
 20
22.784138151314384
 30
0.0
 10
-18.36750604362494
 20
22.74794809820565
 30
0.0
 10
-18.400437496669113
 20
22.710795732120086
 30
0.0
 10
-18.431203414378423
 20
22.672936347038075
 30
0.0
 10
-18.459703978984617
 20
22.634634878798146
 30
0.0
 10
-18.485870079323565
 20
22.596161709663175
 30
0.0
 10
-18.509664025419514
 20
22.5577881329415
 30
0.0
 10
-18.531079781336935
 20
22.519781457561333
 30
0.0
 10
-18.55014268694281
 20
22.482399712010345
 30
0.0
 10
-18.56690863606467
 20
22.445885877476258
 30
0.0
 10
-18.581462673644378
 20
22.41046153712307
 30
0.0
 10
-18.593916967442052
 20
22.376319765674065
 30
0.0
 10
-18.604408100307147
 20
22.343616990591478
 30
0.0
 10
-18.613093617116785
 20
22.312463416745196
 30
0.0
 10
-18.620147747482108
 20
22.282911393877225
 30
0.0
 10
-18.62575621549983
 20
22.254940776157575
 30
0.0
 10
-18.63011005253478
 20
22.228439800934915
 30
0.0
 10
-18.633398376407396
 20
22.203179170583407
 30
0.0
 10
-18.635800258360835
 20
22.178775631030987
 30
0.0
 10
-18.637476230134823
 20
22.15463900000145
 30
0.0
 10
-18.638561074573328
 20
22.12989258267566
 30
0.0
 10
-18.63916222651899
 20
22.103249932358256
 30
0.0
 10
-18.63937470896203
 20
22.072818785116095
 30
0.0
 10
-18.63934008206955
 20
22.03578261474158
 30
0.0
 10
-18.639419210341046
 20
21.98788026262253
 30
0.0
 10
-18.640656782918647
 20
21.922582182397655
 30
0.0
 10
-18.64597703807899
 20
21.829968092635248
 30
0.0
 10
-18.663042362927765
 20
21.696085160304726
 30
0.0
 10
-18.70967940978064
 20
21.50655831753046
 30
0.0
 10
-18.817457966404866
 20
21.263012162189714
 30
0.0
 10
-19.013990267969213
 20
21.00813182213676
 30
0.0
 10
-19.27901994548263
 20
20.811578451207815
 30
0.0
 10
-19.543702780676124
 20
20.704943365761146
 30
0.0
 10
-19.75507253298963
 20
20.664640011461845
 30
0.0
 10
-19.90515520662047
 20
20.655924750951193
 30
0.0
 10
-20.00823262435609
 20
20.65826056339612
 30
0.0
 10
-20.080002888642753
 20
20.663202664027917
 30
0.0
 10
-20.131867153824743
 20
20.667951506248883
 30
0.0
 10
-20.171303910898946
 20
20.671812466632332
 30
0.0
 10
-20.20314758198326
 20
20.674761223862266
 30
0.0
 10
-20.230565507993784
 20
20.676923905212256
 30
0.0
 10
-20.255674228917087
 20
20.678405033140876
 30
0.0
 10
-20.279912157619858
 20
20.679241726449114
 30
0.0
 10
-20.304265627531706
 20
20.67940184703859
 30
0.0
 10
-20.32940875564899
 20
20.67879593100177
 30
0.0
 10
-20.355792336701303
 20
20.677292025444345
 30
0.0
 10
-20.38370207895512
 20
20.674729714567572
 30
0.0
 10
-20.41329801556662
 20
20.6709322828365
 30
0.0
 10
-20.44464211333312
 20
20.66571691867504
 30
0.0
 10
-20.477718333094852
 20
20.65890316251545
 30
0.0
 10
-20.512447772973562
 20
20.65031986046029
 30
0.0
 10
-20.548700552836486
 20
20.639810860655007
 30
0.0
 10
-20.586305502347557
 20
20.627239644923943
 30
0.0
 10
-20.62505834191465
 20
20.612493044889394
 30
0.0
 10
-20.66472880757857
 20
20.595484156021108
 30
0.0
 10
-20.705067015819818
 20
20.576154535602473
 30
0.0
 10
-20.74580926157776
 20
20.554475750388878
 30
0.0
 10
-20.786683373735013
 20
20.530450325298613
 30
0.0
 10
-20.827413705284595
 20
20.50411213445905
 30
0.0
 10
-20.867725803025362
 20
20.47552626918173
 30
0.0
 10
-20.90735077920006
 20
20.444788413071223
 30
0.0
 10
-20.946029391912333
 20
20.41202375177309
 30
0.0
 10
-20.98351583037444
 20
20.37738544329202
 30
0.0
 10
-21.019581193653384
 20
20.341052673922594
 30
0.0
 10
-21.054016646619388
 20
20.30322832426615
 30
0.0
 10
-21.086636233568264
 20
20.264136269241188
 30
0.0
 10
-21.117279327960194
 20
20.224018335124665
 30
0.0
 10
-21.145812695487017
 20
20.183130935172844
 30
0.0
 10
-21.172132146899003
 20
20.141741402905694
 30
0.0
 10
-21.196163756364975
 20
20.10012403825405
 30
0.0
 10
-21.2178646202896
 20
20.058555875893045
 30
0.0
 10
-21.23722313009527
 20
20.017312176421658
 30
0.0
 10
-21.254258730078
 20
19.97666162848583
 30
0.0
 10
-21.269021127522624
 20
19.936861231842876
 30
0.0
 10
-21.28158891613287
 20
19.898150805314593
 30
0.0
 10
-21.292067564593697
 20
19.86074702589858
 30
0.0
 10
-21.300586708555446
 20
19.82483685034774
 30
0.0
 10
-21.307296664990798
 20
19.790570089403804
 30
0.0
 10
-21.31236406082063
 20
19.75805078339639
 30
0.0
 10
-21.31596643081292
 20
19.727326843008253
 30
0.0
 10
-21.31828559124031
 20
19.698377132366762
 30
0.0
 10
-21.319499536032627
 20
19.671094718444582
 30
0.0
 10
-21.319772538727314
 20
19.645264279095326
 30
0.0
 10
-21.31924310428496
 20
19.62053045453318
 30
0.0
 10
-21.318009481746092
 20
19.596351889000132
 30
0.0
 10
-21.316112842898054
 20
19.571932194430158
 30
0.0
 10
-21.313519530965408
 20
19.546112895659547
 30
0.0
 10
-21.310107510165043
 20
19.517202478490027
 30
0.0
 10
-21.305672476583123
 20
19.48269648839349
 30
0.0
 10
-21.299997632429406
 20
19.43881214554366
 30
0.0
 10
-21.293109614169516
 20
19.37972151457386
 30
0.0
 10
-21.286052518037277
 20
19.29638364098988
 30
0.0
 10
-21.283002856778914
 20
19.17529489837245
 30
0.0
 10
-21.2961662594759
 20
18.999565685971305
 30
0.0
 10
-21.35260390309516
 20
18.76004444885937
 30
0.0
 10
-21.48850508379343
 20
18.481776481057413
 30
0.0
 10
-21.709724260351816
 20
18.23217422799204
 30
0.0
 10
-21.96274448359878
 20
18.06678240890984
 30
0.0
 10
-22.182947675704664
 20
17.982563813887456
 30
0.0
 10
-22.346230379731622
 20
17.946447792245785
 30
0.0
 10
-22.460107762112923
 20
17.93219685337298
 30
0.0
 10
-22.539399510940573
 20
17.926649793767247
 30
0.0
 10
-22.596206474277682
 20
17.924294137236693
 30
0.0
 10
-22.63878714823634
 20
17.922970150132063
 30
0.0
 10
-22.67255123460039
 20
17.921841366649133
 30
0.0
 10
-22.70105055606011
 20
17.92056062948399
 30
0.0
 10
-22.72665107641166
 20
17.918942504976133
 30
0.0
 10
-22.75095109369021
 20
17.9168390543933
 30
0.0
 10
-22.775038181362994
 20
17.914096675282703
 30
0.0
 10
-22.79964912360264
 20
17.91054517477532
 30
0.0
 10
-22.82527183417062
 20
17.905999326258904
 30
0.0
 10
-22.852212168837536
 20
17.900264809932548
 30
0.0
 10
-22.880639104161492
 20
17.89314522236802
 30
0.0
 10
-22.91061631497277
 20
17.884448843207352
 30
0.0
 10
-22.942125028625764
 20
17.87399468545576
 30
0.0
 10
-22.975081176487752
 20
17.861617699617344
 30
0.0
 10
-23.00934874763065
 20
17.847173135800894
 30
0.0
 10
-23.04475056588137
 20
17.830540113735427
 30
0.0
 10
-23.081077283568952
 20
17.811624460689796
 30
0.0
 10
-23.118095112358397
 20
17.790360874015217
 30
0.0
 10
-23.15555263419778
 20
17.766714457883978
 30
0.0
 10
-23.193186918195323
 20
17.74068167659133
 30
0.0
 10
-23.23072909061717
 20
17.712290760855613
 30
0.0
 10
-23.26790945177747
 20
17.681601599194543
 30
0.0
 10
-23.30446219692897
 20
17.64870514353885
 30
0.0
 10
-23.34012977293365
 20
17.613722356498815
 30
0.0
 10
-23.37466688494631
 20
17.57680272682259
 30
0.0
 10
-23.407844155219188
 20
17.53812237928512
 30
0.0
 10
-23.439451427827468
 20
17.497881805264804
 30
0.0
 10
-23.46930070750812
 20
17.456303240356906
 30
0.0
 10
-23.49722871709752
 20
17.41362771531002
 30
0.0
 10
-23.52309905564931
 20
17.370111806123898
 30
0.0
 10
-23.546803937741988
 20
17.32602410806131
 30
0.0
 10
-23.568265493340157
 20
17.28164145631049
 30
0.0
 10
-23.587436606483482
 20
17.237244912721277
 30
0.0
 10
-23.60430126965108
 20
17.193115532938208
 30
0.0
 10
-23.618874428452536
 20
17.149529920706776
 30
0.0
 10
-23.631201287798376
 20
17.10675556517322
 30
0.0
 10
-23.641356045219755
 20
17.065045941262724
 30
0.0
 10
-23.649440008631437
 20
17.024635330632883
 30
0.0
 10
-23.65557904332472
 20
16.985733288151835
 30
0.0
 10
-23.65992027461033
 20
16.948518631521083
 30
0.0
 10
-23.662627945906486
 20
16.913132762014047
 30
0.0
 10
-23.66387829381192
 20
16.87967202027013
 30
0.0
 10
-23.6638532471828
 20
16.84817862305843
 30
0.0
 10
-23.662732680239433
 20
16.818629482357693
 30
0.0
 10
-23.66068484260849
 20
16.790921821868967
 30
0.0
 10
-23.657854444365448
 20
16.76485388282182
 30
0.0
 10
-23.654347689874935
 20
16.74009798196713
 30
0.0
 10
-23.65021335269148
 20
16.716161445166954
 30
0.0
 10
-23.645418861424563
 20
16.692327929051437
 30
0.0
 10
-23.639820631814363
 20
16.667566318134572
 30
0.0
 10
-23.63312944476652
 20
16.640384818463065
 30
0.0
 10
-23.62487723718464
 20
16.608590630904796
 30
0.0
 10
-23.614409307078933
 20
16.56888540247132
 30
0.0
 10
-23.60097930102261
 20
16.51618024091151
 30
0.0
 10
-23.584180376809513
 20
16.442478831552695
 30
0.0
 10
-23.56536732237889
 20
16.335356158228254
 30
0.0
 10
-23.551573030222954
 20
16.177361788617798
 30
0.0
 10
-23.56323866015091
 20
15.952233437685036
 30
0.0
 10
-23.637703169505404
 20
15.667678580995313
 30
0.0
 10
-23.802060255351453
 20
15.378834921941321
 30
0.0
 10
-24.026983325016637
 20
15.156541224388405
 30
0.0
 10
-24.24579366652118
 20
15.023073497319992
 30
0.0
 10
-24.417981444909376
 20
14.953936687307033
 30
0.0
 10
-24.54104307919252
 20
14.919246122210726
 30
0.0
 10
-24.627156512051968
 20
14.900841644512422
 30
0.0
 10
-24.68850276659969
 20
14.889953894286098
 30
0.0
 10
-24.733923602612013
 20
14.882587351096223
 30
0.0
 10
-24.76933858627259
 20
14.876875137668137
 30
0.0
 10
-24.79865911772249
 20
14.87186989620175
 30
0.0
 10
-24.82448907122425
 20
14.867020797210092
 30
0.0
 10
-24.848580173950904
 20
14.861948721104243
 30
0.0
 10
-24.872117122431742
 20
14.856349694529335
 30
0.0
 10
-24.895896619528042
 20
14.84995434649134
 30
0.0
 10
-24.92044192107855
 20
14.842512275063688
 30
0.0
 10
-24.946078028302242
 20
14.833787557396839
 30
0.0
 10
-24.972982512485572
 20
14.82355914881919
 30
0.0
 10
-25.001220970704214
 20
14.811623276669454
 30
0.0
 10
-25.03077259817083
 20
14.797796472837186
 30
0.0
 10
-25.061549280526496
 20
14.781918606201062
 30
0.0
 10
-25.093410354778317
 20
14.76385561611974
 30
0.0
 10
-25.126174417389148
 20
14.743501811595829
 30
0.0
 10
-25.159629076058504
 20
14.72078168013201
 30
0.0
 10
-25.193539234427284
 20
14.695651189106925
 30
0.0
 10
-25.22765429948573
 20
14.668098581565241
 30
0.0
 10
-25.261714569878436
 20
14.638144677825853
 30
0.0
 10
-25.295456975205873
 20
14.605842699260837
 30
0.0
 10
-25.328620276708786
 20
14.571277633453693
 30
0.0
 10
-25.36094979884305
 20
14.534565161882893
 30
0.0
 10
-25.39220173308289
 20
14.495850172844829
 30
0.0
 10
-25.422147035822544
 20
14.455304883734623
 30
0.0
 10
-25.45057492881959
 20
14.41312659809566
 30
0.0
 10
-25.477296001424094
 20
14.369535123986084
 30
0.0
 10
-25.502144907617307
 20
14.324769881108564
 30
0.0
 10
-25.524982646734742
 20
14.279086724688915
 30
0.0
 10
-25.545698414008587
 20
14.232754514126395
 30
0.0
 10
-25.564211005199283
 20
14.18605145379594
 30
0.0
 10
-25.58046975814876
 20
14.139261231837017
 30
0.0
 10
-25.594455012657917
 20
14.09266898002463
 30
0.0
 10
-25.606178068233874
 20
14.046557073489335
 30
0.0
 10
-25.6156806164756
 20
14.001200782589574
 30
0.0
 10
-25.623033620565916
 20
13.956863779849359
 30
0.0
 10
-25.628335607727404
 20
13.913793491414024
 30
0.0
 10
-25.631710330516924
 20
13.872216263228266
 30
0.0
 10
-25.63330373800261
 20
13.832332284509587
 30
0.0
 10
-25.633280176088743
 20
13.794310171066472
 30
0.0
 10
-25.631817704517367
 20
13.758281052304328
 30
0.0
 10
-25.629102371993245
 20
13.72433191832495
 30
0.0
 10
-25.625321224073964
 20
13.69249785100393
 30
0.0
 10
-25.620653721641666
 20
13.662752558182925
 30
0.0
 10
-25.6152611076464
 20
13.634996307151281
 30
0.0
 10
-25.609273058099866
 20
13.609039832731986
 30
0.0
 10
-25.602770667304974
 20
13.584581935284403
 30
0.0
 10
-25.595764426281782
 20
13.561177028464831
 30
0.0
 10
-25.588165363208024
 20
13.538186370467463
 30
0.0
 10
-25.579747036309943
 20
13.514702220991815
 30
0.0
 10
-25.570096060318793
 20
13.489426016954798
 30
0.0
 10
-25.558550894421153
 20
13.460466693374247
 30
0.0
 10
-25.544137967407107
 20
13.424997968936442
 30
0.0
 10
-25.525547528229605
 20
13.378666635707427
 30
0.0
 10
-25.501300097633294
 20
13.314583181356026
 30
0.0
 10
-25.470582972046564
 20
13.22175647651756
 30
0.0
 10
-25.436071919943675
 20
13.08354176733134
 30
0.0
 10
-25.411032916131685
 20
12.880002175850178
 30
0.0
 10
-25.428283492779535
 20
12.6044923100265
 30
0.0
 10
-25.528048598937033
 20
12.29366027293313
 30
0.0
 10
-25.708864345025724
 20
12.021860166868796
 30
0.0
 10
-25.913511073241125
 20
11.836595531302223
 30
0.0
 10
-26.088256297315226
 20
11.729266953209127
 30
0.0
 10
-26.217834197334753
 20
11.670073318591724
 30
0.0
 10
-26.30956085213698
 20
11.636212430619485
 30
0.0
 10
-26.374781339952253
 20
11.615214454972604
 30
0.0
 10
-26.422595584134694
 20
11.600861931819715
 30
0.0
 10
-26.45931246255133
 20
11.590016023941892
 30
0.0
 10
-26.48915206663553
 20
11.580986555189781
 30
0.0
 10
-26.51493108381742
 20
11.572772536609426
 30
0.0
 10
-26.538540472186124
 20
11.564712121904668
 30
0.0
 10
-26.5612532307413
 20
11.55631886785358
 30
0.0
 10
-26.583920243564396
 20
11.547203846943841
 30
0.0
 10
-26.6070963721322
 20
11.537038371145105
 30
0.0
 10
-26.63112344883237
 20
11.525536419706544
 30
0.0
 10
-26.65618639955563
 20
11.512446795644763
 30
0.0
 10
-26.68235234610497
 20
11.497550109263653
 30
0.0
 10
-26.709598729318593
 20
11.480658113420457
 30
0.0
 10
-26.737834213203595
 20
11.461614107055116
 30
0.0
 10
-26.7669147486477
 20
11.44029372525368
 30
0.0
 10
-26.7966563245805
 20
11.416605746722826
 30
0.0
 10
-26.826845401471324
 20
11.390492716597478
 30
0.0
 10
-26.857247682177338
 20
11.361931274312632
 30
0.0
 10
-26.88761565471028
 20
11.330932128227616
 30
0.0
 10
-26.917695196227527
 20
11.297539649085572
 30
0.0
 10
-26.947231430460548
 20
11.26183107288039
 30
0.0
 10
-26.975973965108242
 20
11.223915315491352
 30
0.0
 10
-27.003681590851368
 20
11.183931409375104
 30
0.0
 10
-27.030126492795574
 20
11.142046578235465
 30
0.0
 10
-27.055098003876157
 20
11.098453969788878
 30
0.0
 10
-27.078405915113354
 20
11.053370069967386
 30
0.0
 10
-27.09988334758353
 20
11.00703182439262
 30
0.0
 10
-27.119389184186684
 20
10.959693494814005
 30
0.0
 10
-27.136810054749088
 20
10.91162327945118
 30
0.0
 10
-27.152061864966203
 20
10.863099726770102
 30
0.0
 10
-27.165090857586552
 20
10.81440797206254
 30
0.0
 10
-27.175874192573026
 20
10.765835825141533
 30
0.0
 10
-27.18442003129661
 20
10.717669735298381
 30
0.0
 10
-27.190767107655187
 20
10.670190656089504
 30
0.0
 10
-27.194983765831463
 20
10.62366982709517
 30
0.0
 10
-27.197166439559343
 20
10.578364481893408
 30
0.0
 10
-27.197437540405833
 20
10.534513480187414
 30
0.0
 10
-27.19594271153677
 20
10.492332845929381
 30
0.0
 10
-27.19284738709598
 20
10.452011170281873
 30
0.0
 10
-27.18833257335549
 20
10.413704805089488
 30
0.0
 10
-27.18258973279628
 20
10.37753272406739
 30
0.0
 10
-27.17581460122303
 20
10.343570856952901
 30
0.0
 10
-27.16819969340725
 20
10.311845593059632
 30
0.0
 10
-27.159925143305085
 20
10.282325982846288
 30
0.0
 10
-27.15114736363405
 20
10.254913901654781
 30
0.0
 10
-27.14198477116832
 20
10.229431013449991
 30
0.0
 10
-27.132499471704936
 20
10.205600668311275
 30
0.0
 10
-27.122673282209522
 20
10.18302167456312
 30
0.0
 10
-27.112375730112266
 20
10.161128811269785
 30
0.0
 10
-27.101320682027715
 20
10.13913124098445
 30
0.0
 10
-27.08900714769014
 20
10.115913206376613
 30
0.0
 10
-27.074639350701847
 20
10.08986877479623
 30
0.0
 10
-27.057024457849113
 20
10.058618718800869
 30
0.0
 10
-27.034464425186354
 20
10.018514314692561
 30
0.0
 10
-27.004728046993797
 20
9.963763480324378
 30
0.0
 10
-26.96542639988583
 20
9.884962283298002
 30
0.0
 10
-26.91582090184707
 20
9.76711960977323
 30
0.0
 10
-26.86251691268291
 20
9.589391687756963
 30
0.0
 10
-26.830440167129108
 20
9.335103107374705
 30
0.0
 10
-26.86399913809122
 20
9.020653316935377
 30
0.0
 10
-26.98735123736268
 20
8.712062697102507
 30
0.0
 10
-27.163397320628928
 20
8.476426948147257
 30
0.0
 10
-27.332136351691922
 20
8.32694116049093
 30
0.0
 10
-27.46426192438914
 20
8.239218094173557
 30
0.0
 10
-27.55974355045962
 20
8.187136838043202
 30
0.0
 10
-27.62783959052772
 20
8.15431868874672
 30
0.0
 10
-27.677419616938735
 20
8.131957559553474
 30
0.0
 10
-27.714989062214112
 20
8.115385911857624
 30
0.0
 10
-27.744991926276757
 20
8.102014395844042
 30
0.0
 10
-27.770415165347284
 20
8.090298388688717
 30
0.0
 10
-27.79326501138917
 20
8.079236648959801
 30
0.0
 10
-27.814888121036194
 20
8.068125178934217
 30
0.0
 10
-27.836180176159164
 20
8.056433347316675
 30
0.0
 10
-27.85772154448666
 20
8.043739986659894
 30
0.0
 10
-27.879867004356534
 20
8.029699786962874
 30
0.0
 10
-27.90280653151089
 20
8.014025407145631
 30
0.0
 10
-27.92660764205211
 20
7.996477913779582
 30
0.0
 10
-27.951245787799902
 20
7.9768616840353594
 30
0.0
 10
-27.97662686995422
 20
7.955021691438913
 30
0.0
 10
-28.002604451329383
 20
7.930842020007845
 30
0.0
 10
-28.028993328058462
 20
7.904244949827144
 30
0.0
 10
-28.055580544077923
 20
7.875190232473563
 30
0.0
 10
-28.082134562948326
 20
7.843674331760597
 30
0.0
 10
-28.108413072350864
 20
7.80972949756418
 30
0.0
 10
-28.1341697390582
 20
7.7734225963913905
 30
0.0
 10
-28.15916012698979
 20
7.734853657307341
 30
0.0
 10
-28.18314691990921
 20
7.69415411444461
 30
0.0
 10
-28.205904541864886
 20
7.651484742469521
 30
0.0
 10
-28.227223235231598
 20
7.607033291894078
 30
0.0
 10
-28.24691263332745
 20
7.561011838656364
 30
0.0
 10
-28.264804848859693
 20
7.513653867918309
 30
0.0
 10
-28.280757088707
 20
7.465211116122968
 30
0.0
 10
-28.29465379827411
 20
7.415950198343623
 30
0.0
 10
-28.306408333779952
 20
7.366149050020927
 30
0.0
 10
-28.3159641575689
 20
7.3160932133972505
 30
0.0
 10
-28.323295549245273
 20
7.266071999320734
 30
0.0
 10
-28.328407823601708
 20
7.216374554536868
 30
0.0
 10
-28.33133704446305
 20
7.167285862988172
 30
0.0
 10
-28.332149221207352
 20
7.119082706780264
 30
0.0
 10
-28.330938971300977
 20
7.072029608033957
 30
0.0
 10
-28.32782762701908
 20
7.026374766334571
 30
0.0
 10
-28.32296075672824
 20
6.982345997196958
 30
0.0
 10
-28.316505059483458
 20
6.940146663794233
 30
0.0
 10
-28.308644574532757
 20
6.899951575481891
 30
0.0
 10
-28.299576122185538
 20
6.861902799804956
 30
0.0
 10
-28.28950385578569
 20
6.8261052956258785
 30
0.0
 10
-28.27863275087175
 20
6.79262221723849
 30
0.0
 10
-28.26716077889227
 20
6.761469652187383
 30
0.0
 10
-28.255269396674592
 20
6.732610421298769
 30
0.0
 10
-28.243111810102114
 20
6.705946358072482
 30
0.0
 10
-28.230798211579316
 20
6.681308143833596
 30
0.0
 10
-28.21837680032885
 20
6.658441211854609
 30
0.0
 10
-28.205808803734993
 20
6.6369852780507905
 30
0.0
 10
-28.192934828540054
 20
6.616443389178965
 30
0.0
 10
-28.179428559469354
 20
6.596133390658952
 30
0.0
 10
-28.164731996790696
 20
6.5751092137517775
 30
0.0
 10
-28.147964281137124
 20
6.5520290204442375
 30
0.0
 10
-28.127795236083916
 20
6.524927409757957
 30
0.0
 10
-28.102281754915236
 20
6.490811005854855
 30
0.0
 10
-28.068704919037394
 20
6.444928805671003
 30
0.0
 10
-28.023604188106745
 20
6.379477485043116
 30
0.0
 10
-27.96374463419511
 20
6.281559247302281
 30
0.0
 10
-27.890176176155336
 20
6.131381717574175
 30
0.0
 10
-27.818726480538295
 20
5.906710494322501
 30
0.0
 10
-27.790279482780925
 20
5.6057712055782964
 30
0.0
 10
-27.847498481762635
 20
5.277190629512095
 30
0.0
 10
-27.9803241393267
 20
4.99744156782914
 30
0.0
 10
-28.132401087982952
 20
4.803977792583411
 30
0.0
 10
-28.26158447128813
 20
4.684120858117734
 30
0.0
 10
-28.358156895132627
 20
4.611007583158548
 30
0.0
 10
-28.42771309585169
 20
4.564564728801295
 30
0.0
 10
-28.47820662060285
 20
4.533107592533656
 30
0.0
 10
-28.516054988887237
 20
4.510182924122981
 30
0.0
 10
-28.54579805648769
 20
4.4921362400748945
 30
0.0
 10
-28.57052849097484
 20
4.476778515082785
 30
0.0
 10
-28.592331735152012
 20
4.462707978520959
 30
0.0
 10
-28.6126063561386
 20
4.4489653999543455
 30
0.0
 10
-28.632279070945632
 20
4.434854795859302
 30
0.0
 10
-28.651946850645672
 20
4.419847436998752
 30
0.0
 10
-28.671971686938903
 20
4.403528979385476
 30
0.0
 10
-28.692545054862947
 20
4.385569572278285
 30
0.0
 10
-28.71373287717548
 20
4.365706530291547
 30
0.0
 10
-28.735507780083644
 20
4.343734020515143
 30
0.0
 10
-28.75777292768641
 20
4.319496715262089
 30
0.0
 10
-28.7803801707862
 20
4.292885684083694
 30
0.0
 10
-28.80314427719211
 20
4.263835520891784
 30
0.0
 10
-28.825854399050225
 20
4.232322108614578
 30
0.0
 10
-28.848283541179388
 20
4.198360659648058
 30
0.0
 10
-28.87019654003189
 20
4.16200381115236
 30
0.0
 10
-28.89135689532988
 20
4.123339640685157
 30
0.0
 10
-28.91153268458705
 20
4.08248952225409
 30
0.0
 10
-28.93050171524072
 20
4.03960577832696
 30
0.0
 10
-28.94805601771841
 20
3.994869107031542
 30
0.0
 10
-28.96400574754366
 20
3.9484857800441184
 30
0.0
 10
-28.97818254039654
 20
3.900684618116311
 30
0.0
 10
-28.990442347449683
 20
3.851713759407182
 30
0.0
 10
-29.0006677669791
 20
3.8018372417436797
 30
0.0
 10
-29.00876988059768
 20
3.7513314242290736
 30
0.0
 10
-29.014689597331213
 20
3.7004812766158404
 30
0.0
 10
-29.018398505312
 20
3.6495765667689826
 30
0.0
 10
-29.019899228451166
 20
3.598907977471595
 30
0.0
 10
-29.019225283518093
 20
3.5487631837902516
 30
0.0
 10
-29.0164404311126
 20
3.4994229211744834
 30
0.0
 10
-29.011637511554728
 20
3.451157072289785
 30
0.0
 10
-29.004936753179894
 20
3.4042207970582252
 30
0.0
 10
-28.996483535226655
 20
3.358850725160825
 30
0.0
 10
-28.98644557955041
 20
3.3152612228066882
 30
0.0
 10
-28.97500953357301
 20
3.2736407350760994
 30
0.0
 10
-28.96237688947622
 20
3.234148190333922
 30
0.0
 10
-28.94875915918812
 20
3.1969094321042393
 30
0.0
 10
-28.934372187551542
 20
3.162013613274096
 30
0.0
 10
-28.919429431733196
 20
3.1295094425107783
 30
0.0
 10
-28.904133955107124
 20
3.0994011051021704
 30
0.0
 10
-28.888668765695236
 20
3.0716435763111134
 30
0.0
 10
-28.873184952721342
 20
3.046136881357528
 30
0.0
 10
-28.857786808364967
 20
3.0227185914950727
 30
0.0
 10
-28.842512715353745
 20
3.0011534074301243
 30
0.0
 10
-28.82730995561914
 20
2.9811179358305457
 30
0.0
 10
-28.81200062817135
 20
2.962177459900752
 30
0.0
 10
-28.79623437363748
 20
2.9437491539160696
 30
0.0
 10
-28.779421349759897
 20
2.9250418335724757
 30
0.0
 10
-28.760635700138277
 20
2.904954045599857
 30
0.0
 10
-28.738476064726914
 20
2.8818961810897847
 30
0.0
 10
-28.710869028492468
 20
2.8534705522672055
 30
0.0
 10
-28.674819393716934
 20
2.815882291628271
 30
0.0
 10
-28.626207475994054
 20
2.7628513888475656
 30
0.0
 10
-28.56011354552736
 20
2.6837185737688456
 30
0.0
 10
-28.47335239412798
 20
2.5609453385023104
 30
0.0
 10
-28.37307594037936
 20
2.370561081315865
 30
0.0
 10
-28.291419558847064
 20
2.0971378195963317
 30
0.0
 10
-28.279847871104987
 20
1.7673802516328798
 30
0.0
 10
-28.356585459459357
 20
1.4548098182305937
 30
0.0
 10
-28.479798680224548
 20
1.2186966053900101
 30
0.0
 10
-28.59889900957667
 20
1.0640662402628347
 30
0.0
 10
-28.69293284502919
 20
0.9672493890865113
 30
0.0
 10
-28.762024331289762
 20
0.9053459056321097
 30
0.0
 10
-28.812304812273123
 20
0.8636656453279327
 30
0.0
 10
-28.84970704357375
 20
0.8337371523228522
 30
0.0
 10
-28.87868467707693
 20
0.8106725501891313
 30
0.0
 10
-28.90234422540215
 20
0.7915329147613395
 30
0.0
 10
-28.922799476089217
 20
0.7744514944770734
 30
0.0
 10
-28.941470614788773
 20
0.7581741901063002
 30
0.0
 10
-28.95929644149912
 20
0.7418149193115353
 30
0.0
 10
-28.976878348101597
 20
0.7247216943429635
 30
0.0
 10
-28.99457766777761
 20
0.7064010338021153
 30
0.0
 10
-29.012582391532554
 20
0.686473979148024
 30
0.0
 10
-29.030953878436737
 20
0.6646497073834534
 30
0.0
 10
-29.049660401941797
 20
0.6407091812999344
 30
0.0
 10
-29.06860191561152
 20
0.6144946352320672
 30
0.0
 10
-29.087628860383834
 20
0.5859024905148806
 30
0.0
 10
-29.106556846997684
 20
0.5548782852161264
 30
0.0
 10
-29.125178417524666
 20
0.5214127654914805
 30
0.0
 10
-29.143272684613056
 20
0.4855386151758189
 30
0.0
 10
-29.16061338291539
 20
0.44732749829907825
 30
0.0
 10
-29.17697569285792
 20
0.40688721159993163
 30
0.0
 10
-29.192142080497025
 20
0.36435882170312883
 30
0.0
 10
-29.20590731864133
 20
0.3199137120838867
 30
0.0
 10
-29.21808280095687
 20
0.27375049856285166
 30
0.0
 10
-29.228500224184305
 20
0.22609179500741539
 30
0.0
 10
-29.23701468850472
 20
0.17718082688479722
 30
0.0
 10
-29.24350724890745
 20
0.1272779016223388
 30
0.0
 10
-29.24788693871325
 20
0.07665675282235013
 30
0.0
 10
-29.250092278514295
 20
0.025600781159746493
 30
0.0
 10
-29.25009227851428
 20
-0.025600781159759146
 30
0.0
 10
-29.24788693871324
 20
-0.07665675282234816
 30
0.0
 10
-29.24350724890746
 20
-0.12727790162234542
 30
0.0
 10
-29.237014688504722
 20
-0.17718082688480316
 30
0.0
 10
-29.22850022418429
 20
-0.22609179500741902
 30
0.0
 10
-29.21808280095689
 20
-0.2737504985628416
 30
0.0
 10
-29.205907318641323
 20
-0.3199137120839147
 30
0.0
 10
-29.192142080497028
 20
-0.36435882170312683
 30
0.0
 10
-29.176975692857926
 20
-0.40688721159992886
 30
0.0
 10
-29.16061338291538
 20
-0.44732749829910035
 30
0.0
 10
-29.143272684613063
 20
-0.48553861517580643
 30
0.0
 10
-29.12517841752465
 20
-0.5214127654915066
 30
0.0
 10
-29.106556846997677
 20
-0.5548782852161008
 30
0.0
 10
-29.087628860383823
 20
-0.5859024905149095
 30
0.0
 10
-29.06860191561152
 20
-0.6144946352320444
 30
0.0
 10
-29.049660401941797
 20
-0.6407091812999408
 30
0.0
 10
-29.03095387843672
 20
-0.6646497073834816
 30
0.0
 10
-29.01258239153258
 20
-0.6864739791480108
 30
0.0
 10
-28.994577667777595
 20
-0.7064010338021073
 30
0.0
 10
-28.976878348101607
 20
-0.7247216943429778
 30
0.0
 10
-28.9592964414991
 20
-0.7418149193115179
 30
0.0
 10
-28.941470614788784
 20
-0.7581741901063099
 30
0.0
 10
-28.92279947608919
 20
-0.7744514944770705
 30
0.0
 10
-28.902344225402167
 20
-0.7915329147613394
 30
0.0
 10
-28.878684677076905
 20
-0.8106725501891134
 30
0.0
 10
-28.849707043573755
 20
-0.8337371523228808
 30
0.0
 10
-28.812304812273123
 20
-0.8636656453279148
 30
0.0
 10
-28.762024331289748
 20
-0.9053459056321279
 30
0.0
 10
-28.692932845029173
 20
-0.9672493890865047
 30
0.0
 10
-28.59889900957663
 20
-1.0640662402628818
 30
0.0
 10
-28.479798680224523
 20
-1.2186966053900032
 30
0.0
 10
-28.35658545945935
 20
-1.4548098182306493
 30
0.0
 10
-28.279847871104973
 20
-1.7673802516329142
 30
0.0
 10
-28.291419558847057
 20
-2.0971378195963974
 30
0.0
 10
-28.373075940379383
 20
-2.370561081315877
 30
0.0
 10
-28.47335239412801
 20
-2.5609453385023704
 30
0.0
 10
-28.560113545527376
 20
-2.6837185737688305
 30
0.0
 10
-28.626207475994054
 20
-2.762851388847593
 30
0.0
 10
-28.674819393716945
 20
-2.815882291628251
 30
0.0
 10
-28.710869028492446
 20
-2.8534705522672135
 30
0.0
 10
-28.738476064726946
 20
-2.881896181089787
 30
0.0
 10
-28.760635700138256
 20
-2.904954045599868
 30
0.0
 10
-28.779421349759886
 20
-2.9250418335724606
 30
0.0
 10
-28.796234373637486
 20
-2.9437491539160927
 30
0.0
 10
-28.81200062817136
 20
-2.9621774599007287
 30
0.0
 10
-28.827309955619132
 20
-2.981117935830566
 30
0.0
 10
-28.842512715353763
 20
-3.0011534074301087
 30
0.0
 10
-28.857786808364935
 20
-3.022718591495075
 30
0.0
 10
-28.873184952721367
 20
-3.046136881357545
 30
0.0
 10
-28.888668765695236
 20
-3.071643576311117
 30
0.0
 10
-28.904133955107127
 20
-3.09940110510217
 30
0.0
 10
-28.91942943173319
 20
-3.1295094425107837
 30
0.0
 10
-28.934372187551546
 20
-3.1620136132741012
 30
0.0
 10
-28.94875915918812
 20
-3.196909432104246
 30
0.0
 10
-28.962376889476214
 20
-3.23414819033391
 30
0.0
 10
-28.975009533573015
 20
-3.2736407350761367
 30
0.0
 10
-28.986445579550402
 20
-3.3152612228066745
 30
0.0
 10
-28.99648353522666
 20
-3.3588507251608344
 30
0.0
 10
-29.00493675317987
 20
-3.404220797058223
 30
0.0
 10
-29.011637511554728
 20
-3.4511570722897975
 30
0.0
 10
-29.0164404311126
 20
-3.4994229211744967
 30
0.0
 10
-29.019225283518097
 20
-3.548763183790245
 30
0.0
 10
-29.019899228451155
 20
-3.5989079774715975
 30
0.0
 10
-29.018398505312003
 20
-3.6495765667689914
 30
0.0
 10
-29.014689597331202
 20
-3.7004812766158244
 30
0.0
 10
-29.00876988059769
 20
-3.751331424229098
 30
0.0
 10
-29.000667766979088
 20
-3.8018372417436774
 30
0.0
 10
-28.9904423474497
 20
-3.8517137594071804
 30
0.0
 10
-28.97818254039654
 20
-3.9006846181163435
 30
0.0
 10
-28.964005747543645
 20
-3.9484857800440922
 30
0.0
 10
-28.948056017718415
 20
-3.9948691070315605
 30
0.0
 10
-28.93050171524071
 20
-4.03960577832696
 30
0.0
 10
-28.911532684587044
 20
-4.082489522254094
 30
0.0
 10
-28.89135689532989
 20
-4.123339640685173
 30
0.0
 10
-28.87019654003188
 20
-4.162003811152341
 30
0.0
 10
-28.848283541179384
 20
-4.198360659648086
 30
0.0
 10
-28.82585439905024
 20
-4.232322108614566
 30
0.0
 10
-28.80314427719209
 20
-4.263835520891794
 30
0.0
 10
-28.780380170786213
 20
-4.2928856840837
 30
0.0
 10
-28.757772927686382
 20
-4.319496715262087
 30
0.0
 10
-28.73550778008365
 20
-4.343734020515154
 30
0.0
 10
-28.713732877175463
 20
-4.36570653029153
 30
0.0
 10
-28.69254505486298
 20
-4.385569572278291
 30
0.0
 10
-28.671971686938857
 20
-4.403528979385482
 30
0.0
 10
-28.651946850645707
 20
-4.419847436998746
 30
0.0
 10
-28.63227907094559
 20
-4.434854795859293
 30
0.0
 10
-28.612606356138617
 20
-4.448965399954355
 30
0.0
 10
-28.592331735152005
 20
-4.462707978520951
 30
0.0
 10
-28.570528490974844
 20
-4.476778515082796
 30
0.0
 10
-28.54579805648769
 20
-4.492136240074874
 30
0.0
 10
-28.51605498888722
 20
-4.510182924123006
 30
0.0
 10
-28.478206620602876
 20
-4.533107592533643
 30
0.0
 10
-28.427713095851665
 20
-4.564564728801323
 30
0.0
 10
-28.35815689513263
 20
-4.611007583158524
 30
0.0
 10
-28.261584471288106
 20
-4.684120858117771
 30
0.0
 10
-28.132401087982917
 20
-4.803977792583419
 30
0.0
 10
-27.98032413932668
 20
-4.9974415678291875
 30
0.0
 10
-27.84749848176262
 20
-5.277190629512127
 30
0.0
 10
-27.79027948278094
 20
-5.6057712055783435
 30
0.0
 10
-27.81872648053828
 20
-5.90671049432251
 30
0.0
 10
-27.89017617615534
 20
-6.131381717574183
 30
0.0
 10
-27.963744634195105
 20
-6.281559247302291
 30
0.0
 10
-28.023604188106724
 20
-6.379477485043112
 30
0.0
 10
-28.068704919037426
 20
-6.444928805671014
 30
0.0
 10
-28.102281754915204
 20
-6.490811005854849
 30
0.0
 10
-28.12779523608392
 20
-6.52492740975794
 30
0.0
 10
-28.147964281137142
 20
-6.552029020444272
 30
0.0
 10
-28.164731996790685
 20
-6.5751092137517695
 30
0.0
 10
-28.179428559469354
 20
-6.596133390658954
 30
0.0
 10
-28.192934828540057
 20
-6.616443389178984
 30
0.0
 10
-28.20580880373497
 20
-6.636985278050782
 30
0.0
 10
-28.21837680032886
 20
-6.658441211854622
 30
0.0
 10
-28.230798211579312
 20
-6.681308143833595
 30
0.0
 10
-28.243111810102118
 20
-6.705946358072499
 30
0.0
 10
-28.255269396674592
 20
-6.732610421298778
 30
0.0
 10
-28.267160778892276
 20
-6.761469652187378
 30
0.0
 10
-28.27863275087175
 20
-6.792622217238502
 30
0.0
 10
-28.289503855785686
 20
-6.826105295625883
 30
0.0
 10
-28.29957612218554
 20
-6.861902799804959
 30
0.0
 10
-28.308644574532757
 20
-6.899951575481907
 30
0.0
 10
-28.316505059483475
 20
-6.940146663794227
 30
0.0
 10
-28.322960756728236
 20
-6.982345997196978
 30
0.0
 10
-28.327827627019083
 20
-7.026374766334553
 30
0.0
 10
-28.33093897130099
 20
-7.072029608033981
 30
0.0
 10
-28.332149221207345
 20
-7.119082706780284
 30
0.0
 10
-28.331337044463055
 20
-7.1672858629881535
 30
0.0
 10
-28.328407823601722
 20
-7.216374554536901
 30
0.0
 10
-28.323295549245284
 20
-7.266071999320715
 30
0.0
 10
-28.315964157568885
 20
-7.316093213397278
 30
0.0
 10
-28.306408333779956
 20
-7.366149050020914
 30
0.0
 10
-28.29465379827411
 20
-7.415950198343639
 30
0.0
 10
-28.280757088706995
 20
-7.465211116122958
 30
0.0
 10
-28.26480484885969
 20
-7.513653867918322
 30
0.0
 10
-28.24691263332745
 20
-7.561011838656371
 30
0.0
 10
-28.227223235231584
 20
-7.60703329189407
 30
0.0
 10
-28.205904541864886
 20
-7.6514847424695445
 30
0.0
 10
-28.183146919909206
 20
-7.694154114444605
 30
0.0
 10
-28.159160126989807
 20
-7.734853657307337
 30
0.0
 10
-28.134169739058176
 20
-7.773422596391412
 30
0.0
 10
-28.108413072350896
 20
-7.809729497564169
 30
0.0
 10
-28.082134562948287
 20
-7.843674331760598
 30
0.0
 10
-28.055580544077948
 20
-7.875190232473569
 30
0.0
 10
-28.028993328058448
 20
-7.904244949827132
 30
0.0
 10
-28.00260445132938
 20
-7.930842020007861
 30
0.0
 10
-27.976626869954213
 20
-7.955021691438905
 30
0.0
 10
-27.951245787799905
 20
-7.976861684035369
 30
0.0
 10
-27.926607642052108
 20
-7.996477913779571
 30
0.0
 10
-27.902806531510898
 20
-8.014025407145644
 30
0.0
 10
-27.87986700435652
 20
-8.029699786962864
 30
0.0
 10
-27.85772154448668
 20
-8.043739986659897
 30
0.0
 10
-27.836180176159147
 20
-8.05643334731669
 30
0.0
 10
-27.814888121036187
 20
-8.068125178934217
 30
0.0
 10
-27.793265011389174
 20
-8.079236648959784
 30
0.0
 10
-27.770415165347266
 20
-8.090298388688737
 30
0.0
 10
-27.74499192627676
 20
-8.10201439584402
 30
0.0
 10
-27.714989062214094
 20
-8.115385911857642
 30
0.0
 10
-27.677419616938746
 20
-8.131957559553467
 30
0.0
 10
-27.627839590527685
 20
-8.15431868874674
 30
0.0
 10
-27.559743550459654
 20
-8.187136838043193
 30
0.0
 10
-27.46426192438913
 20
-8.239218094173573
 30
0.0
 10
-27.33213635169191
 20
-8.32694116049093
 30
0.0
 10
-27.16339732062891
 20
-8.476426948147287
 30
0.0
 10
-26.98735123736265
 20
-8.71206269710254
 30
0.0
 10
-26.86399913809123
 20
-9.020653316935421
 30
0.0
 10
-26.830440167129098
 20
-9.335103107374707
 30
0.0
 10
-26.862516912682906
 20
-9.58939168775696
 30
0.0
 10
-26.91582090184708
 20
-9.767119609773264
 30
0.0
 10
-26.96542639988582
 20
-9.884962283297986
 30
0.0
 10
-27.0047280469938
 20
-9.963763480324387
 30
0.0
 10
-27.03446442518634
 20
-10.018514314692558
 30
0.0
 10
-27.05702445784912
 20
-10.058618718800888
 30
0.0
 10
-27.074639350701847
 20
-10.089868774796246
 30
0.0
 10
-27.08900714769013
 20
-10.115913206376602
 30
0.0
 10
-27.101320682027723
 20
-10.139131240984456
 30
0.0
 10
-27.112375730112255
 20
-10.161128811269792
 30
0.0
 10
-27.12267328220954
 20
-10.183021674563129
 30
0.0
 10
-27.132499471704907
 20
-10.205600668311275
 30
0.0
 10
-27.141984771168342
 20
-10.229431013450021
 30
0.0
 10
-27.151147363634035
 20
-10.254913901654776
 30
0.0
 10
-27.159925143305102
 20
-10.28232598284628
 30
0.0
 10
-27.168199693407228
 20
-10.311845593059639
 30
0.0
 10
-27.175814601223053
 20
-10.343570856952907
 30
0.0
 10
-27.182589732796274
 20
-10.377532724067395
 30
0.0
 10
-27.18833257335549
 20
-10.4137048050895
 30
0.0
 10
-27.192847387095963
 20
-10.45201117028186
 30
0.0
 10
-27.195942711536794
 20
-10.4923328459294
 30
0.0
 10
-27.197437540405815
 20
-10.534513480187417
 30
0.0
 10
-27.197166439559354
 20
-10.578364481893402
 30
0.0
 10
-27.194983765831452
 20
-10.623669827095167
 30
0.0
 10
-27.190767107655194
 20
-10.67019065608953
 30
0.0
 10
-27.184420031296604
 20
-10.717669735298381
 30
0.0
 10
-27.175874192573044
 20
-10.765835825141528
 30
0.0
 10
-27.16509085758654
 20
-10.814407972062563
 30
0.0
 10
-27.152061864966196
 20
-10.8630997267701
 30
0.0
 10
-27.136810054749112
 20
-10.911623279451163
 30
0.0
 10
-27.119389184186673
 20
-10.959693494814028
 30
0.0
 10
-27.09988334758353
 20
-11.00703182439263
 30
0.0
 10
-27.07840591511334
 20
-11.053370069967391
 30
0.0
 10
-27.05509800387616
 20
-11.098453969788888
 30
0.0
 10
-27.03012649279557
 20
-11.142046578235464
 30
0.0
 10
-27.00368159085137
 20
-11.183931409375093
 30
0.0
 10
-26.975973965108224
 20
-11.223915315491372
 30
0.0
 10
-26.947231430460548
 20
-11.261831072880387
 30
0.0
 10
-26.91769519622752
 20
-11.297539649085572
 30
0.0
 10
-26.887615654710284
 20
-11.330932128227614
 30
0.0
 10
-26.85724768217733
 20
-11.36193127431264
 30
0.0
 10
-26.826845401471342
 20
-11.390492716597473
 30
0.0
 10
-26.79665632458047
 20
-11.416605746722835
 30
0.0
 10
-26.766914748647697
 20
-11.440293725253687
 30
0.0
 10
-26.737834213203598
 20
-11.461614107055118
 30
0.0
 10
-26.709598729318564
 20
-11.480658113420475
 30
0.0
 10
-26.682352346104988
 20
-11.497550109263619
 30
0.0
 10
-26.656186399555608
 20
-11.512446795644784
 30
0.0
 10
-26.63112344883237
 20
-11.525536419706532
 30
0.0
 10
-26.607096372132183
 20
-11.537038371145123
 30
0.0
 10
-26.583920243564435
 20
-11.547203846943832
 30
0.0
 10
-26.561253230741283
 20
-11.556318867853593
 30
0.0
 10
-26.538540472186117
 20
-11.564712121904678
 30
0.0
 10
-26.514931083817434
 20
-11.572772536609424
 30
0.0
 10
-26.48915206663553
 20
-11.580986555189769
 30
0.0
 10
-26.45931246255132
 20
-11.590016023941908
 30
0.0
 10
-26.422595584134697
 20
-11.600861931819715
 30
0.0
 10
-26.374781339952243
 20
-11.615214454972612
 30
0.0
 10
-26.30956085213697
 20
-11.636212430619482
 30
0.0
 10
-26.217834197334764
 20
-11.670073318591735
 30
0.0
 10
-26.088256297315215
 20
-11.729266953209143
 30
0.0
 10
-25.913511073241107
 20
-11.836595531302223
 30
0.0
 10
-25.708864345025702
 20
-12.021860166868825
 30
0.0
 10
-25.52804859893701
 20
-12.293660272933167
 30
0.0
 10
-25.428283492779528
 20
-12.604492310026544
 30
0.0
 10
-25.411032916131685
 20
-12.880002175850164
 30
0.0
 10
-25.43607191994366
 20
-13.08354176733137
 30
0.0
 10
-25.470582972046582
 20
-13.221756476517577
 30
0.0
 10
-25.501300097633276
 20
-13.314583181356019
 30
0.0
 10
-25.52554752822962
 20
-13.378666635707429
 30
0.0
 10
-25.544137967407075
 20
-13.424997968936452
 30
0.0
 10
-25.55855089442118
 20
-13.46046669337424
 30
0.0
 10
-25.570096060318775
 20
-13.48942601695482
 30
0.0
 10
-25.579747036309968
 20
-13.5147022209918
 30
0.0
 10
-25.58816536320802
 20
-13.538186370467475
 30
0.0
 10
-25.59576442628178
 20
-13.561177028464828
 30
0.0
 10
-25.602770667304977
 20
-13.584581935284437
 30
0.0
 10
-25.609273058099856
 20
-13.609039832731954
 30
0.0
 10
-25.615261107646397
 20
-13.634996307151312
 30
0.0
 10
-25.620653721641673
 20
-13.662752558182921
 30
0.0
 10
-25.625321224073957
 20
-13.692497851003935
 30
0.0
 10
-25.62910237199326
 20
-13.72433191832495
 30
0.0
 10
-25.631817704517346
 20
-13.75828105230434
 30
0.0
 10
-25.633280176088768
 20
-13.79431017106645
 30
0.0
 10
-25.633303738002596
 20
-13.832332284509611
 30
0.0
 10
-25.631710330516942
 20
-13.872216263228266
 30
0.0
 10
-25.62833560772739
 20
-13.91379349141403
 30
0.0
 10
-25.62303362056592
 20
-13.956863779849357
 30
0.0
 10
-25.61568061647559
 20
-14.001200782589583
 30
0.0
 10
-25.606178068233888
 20
-14.046557073489337
 30
0.0
 10
-25.594455012657914
 20
-14.09266898002464
 30
0.0
 10
-25.580469758148755
 20
-14.13926123183702
 30
0.0
 10
-25.564211005199283
 20
-14.186051453795933
 30
0.0
 10
-25.545698414008584
 20
-14.23275451412639
 30
0.0
 10
-25.524982646734735
 20
-14.279086724688922
 30
0.0
 10
-25.502144907617318
 20
-14.324769881108567
 30
0.0
 10
-25.477296001424094
 20
-14.369535123986092
 30
0.0
 10
-25.45057492881958
 20
-14.413126598095655
 30
0.0
 10
-25.422147035822565
 20
-14.455304883734645
 30
0.0
 10
-25.392201733082878
 20
-14.495850172844834
 30
0.0
 10
-25.360949798843055
 20
-14.534565161882895
 30
0.0
 10
-25.32862027670879
 20
-14.571277633453699
 30
0.0
 10
-25.29545697520587
 20
-14.605842699260855
 30
0.0
 10
-25.26171456987843
 20
-14.638144677825846
 30
0.0
 10
-25.227654299485724
 20
-14.668098581565257
 30
0.0
 10
-25.19353923442727
 20
-14.695651189106917
 30
0.0
 10
-25.159629076058525
 20
-14.720781680132017
 30
0.0
 10
-25.126174417389105
 20
-14.743501811595822
 30
0.0
 10
-25.09341035477833
 20
-14.763855616119749
 30
0.0
 10
-25.06154928052649
 20
-14.781918606201065
 30
0.0
 10
-25.030772598170834
 20
-14.797796472837199
 30
0.0
 10
-25.00122097070421
 20
-14.811623276669453
 30
0.0
 10
-24.972982512485565
 20
-14.823559148819204
 30
0.0
 10
-24.946078028302242
 20
-14.833787557396827
 30
0.0
 10
-24.920441921078545
 20
-14.842512275063694
 30
0.0
 10
-24.895896619528028
 20
-14.849954346491353
 30
0.0
 10
-24.87211712243175
 20
-14.856349694529339
 30
0.0
 10
-24.848580173950893
 20
-14.861948721104241
 30
0.0
 10
-24.82448907122424
 20
-14.867020797210099
 30
0.0
 10
-24.798659117722476
 20
-14.871869896201757
 30
0.0
 10
-24.76933858627259
 20
-14.876875137668131
 30
0.0
 10
-24.733923602612002
 20
-14.882587351096234
 30
0.0
 10
-24.688502766599694
 20
-14.889953894286073
 30
0.0
 10
-24.627156512051943
 20
-14.900841644512438
 30
0.0
 10
-24.541043079192505
 20
-14.919246122210723
 30
0.0
 10
-24.41798144490937
 20
-14.953936687307047
 30
0.0
 10
-24.245793666521188
 20
-15.02307349731999
 30
0.0
 10
-24.0269833250166
 20
-15.156541224388437
 30
0.0
 10
-23.802060255351424
 20
-15.378834921941353
 30
0.0
 10
-23.637703169505375
 20
-15.667678580995355
 30
0.0
 10
-23.563238660150912
 20
-15.952233437685097
 30
0.0
 10
-23.551573030222947
 20
-16.177361788617784
 30
0.0
 10
-23.565367322378897
 20
-16.335356158228286
 30
0.0
 10
-23.5841803768095
 20
-16.44247883155267
 30
0.0
 10
-23.600979301022626
 20
-16.51618024091154
 30
0.0
 10
-23.61440930707892
 20
-16.568885402471317
 30
0.0
 10
-23.62487723718467
 20
-16.608590630904803
 30
0.0
 10
-23.6331294447665
 20
-16.640384818463065
 30
0.0
 10
-23.63982063181438
 20
-16.667566318134565
 30
0.0
 10
-23.64541886142456
 20
-16.692327929051444
 30
0.0
 10
-23.650213352691484
 20
-16.716161445166943
 30
0.0
 10
-23.654347689874943
 20
-16.740097981967157
 30
0.0
 10
-23.657854444365444
 20
-16.764853882821804
 30
0.0
 10
-23.66068484260849
 20
-16.79092182186898
 30
0.0
 10
-23.66273268023945
 20
-16.818629482357682
 30
0.0
 10
-23.663853247182793
 20
-16.848178623058438
 30
0.0
 10
-23.663878293811926
 20
-16.87967202027012
 30
0.0
 10
-23.662627945906475
 20
-16.913132762014055
 30
0.0
 10
-23.659920274610336
 20
-16.948518631521097
 30
0.0
 10
-23.65557904332472
 20
-16.985733288151813
 30
0.0
 10
-23.64944000863146
 20
-17.024635330632904
 30
0.0
 10
-23.64135604521974
 20
-17.06504594126271
 30
0.0
 10
-23.63120128779838
 20
-17.106755565173245
 30
0.0
 10
-23.618874428452546
 20
-17.149529920706765
 30
0.0
 10
-23.60430126965106
 20
-17.19311553293823
 30
0.0
 10
-23.587436606483493
 20
-17.237244912721238
 30
0.0
 10
-23.56826549334014
 20
-17.281641456310535
 30
0.0
 10
-23.546803937741995
 20
-17.326024108061283
 30
0.0
 10
-23.52309905564931
 20
-17.370111806123926
 30
0.0
 10
-23.497228717097506
 20
-17.41362771531002
 30
0.0
 10
-23.469300707508125
 20
-17.456303240356913
 30
0.0
 10
-23.43945142782746
 20
-17.497881805264804
 30
0.0
 10
-23.407844155219173
 20
-17.538122379285127
 30
0.0
 10
-23.374666884946322
 20
-17.5768027268226
 30
0.0
 10
-23.340129772933647
 20
-17.613722356498805
 30
0.0
 10
-23.304462196928974
 20
-17.64870514353886
 30
0.0
 10
-23.267909451777452
 20
-17.681601599194565
 30
0.0
 10
-23.230729090617174
 20
-17.71229076085561
 30
0.0
 10
-23.193186918195316
 20
-17.740681676591336
 30
0.0
 10
-23.155552634197804
 20
-17.76671445788399
 30
0.0
 10
-23.11809511235839
 20
-17.790360874015214
 30
0.0
 10
-23.081077283568945
 20
-17.811624460689806
 30
0.0
 10
-23.044750565881365
 20
-17.83054011373543
 30
0.0
 10
-23.009348747630654
 20
-17.847173135800887
 30
0.0
 10
-22.975081176487755
 20
-17.861617699617355
 30
0.0
 10
-22.942125028625764
 20
-17.87399468545576
 30
0.0
 10
-22.910616314972774
 20
-17.884448843207355
 30
0.0
 10
-22.880639104161496
 20
-17.89314522236802
 30
0.0
 10
-22.852212168837518
 20
-17.900264809932562
 30
0.0
 10
-22.825271834170632
 20
-17.905999326258893
 30
0.0
 10
-22.79964912360262
 20
-17.910545174775315
 30
0.0
 10
-22.77503818136301
 20
-17.914096675282707
 30
0.0
 10
-22.750951093690183
 20
-17.916839054393307
 30
0.0
 10
-22.726651076411674
 20
-17.918942504976126
 30
0.0
 10
-22.701050556060107
 20
-17.920560629483997
 30
0.0
 10
-22.672551234600373
 20
-17.921841366649115
 30
0.0
 10
-22.638787148236343
 20
-17.922970150132077
 30
0.0
 10
-22.596206474277697
 20
-17.924294137236696
 30
0.0
 10
-22.53939951094054
 20
-17.926649793767243
 30
0.0
 10
-22.460107762112933
 20
-17.93219685337298
 30
0.0
 10
-22.346230379731598
 20
-17.946447792245795
 30
0.0
 10
-22.182947675704646
 20
-17.982563813887445
 30
0.0
 10
-21.962744483598758
 20
-18.06678240890986
 30
0.0
 10
-21.7097242603518
 20
-18.232174227992065
 30
0.0
 10
-21.488505083793395
 20
-18.481776481057434
 30
0.0
 10
-21.352603903095172
 20
-18.7600444488594
 30
0.0
 10
-21.296166259475882
 20
-18.999565685971348
 30
0.0
 10
-21.28300285677893
 20
-19.175294898372425
 30
0.0
 10
-21.286052518037263
 20
-19.29638364098992
 30
0.0
 10
-21.293109614169538
 20
-19.379721514573863
 30
0.0
 10
-21.299997632429385
 20
-19.438812145543654
 30
0.0
 10
-21.30567247658315
 20
-19.48269648839349
 30
0.0
 10
-21.31010751016503
 20
-19.517202478490056
 30
0.0
 10
-21.31351953096542
 20
-19.546112895659522
 30
0.0
 10
-21.31611284289805
 20
-19.57193219443018
 30
0.0
 10
-21.318009481746092
 20
-19.596351889000115
 30
0.0
 10
-21.319243104284972
 20
-19.620530454533206
 30
0.0
 10
-21.31977253872731
 20
-19.64526427909531
 30
0.0
 10
-21.319499536032627
 20
-19.671094718444575
 30
0.0
 10
-21.318285591240326
 20
-19.698377132366787
 30
0.0
 10
-21.315966430812928
 20
-19.727326843008242
 30
0.0
 10
-21.312364060820627
 20
-19.75805078339638
 30
0.0
 10
-21.307296664990787
 20
-19.790570089403825
 30
0.0
 10
-21.300586708555464
 20
-19.824836850347758
 30
0.0
 10
-21.29206756459369
 20
-19.860747025898558
 30
0.0
 10
-21.281588916132876
 20
-19.898150805314604
 30
0.0
 10
-21.269021127522617
 20
-19.936861231842876
 30
0.0
 10
-21.254258730078
 20
-19.976661628485825
 30
0.0
 10
-21.23722313009527
 20
-20.01731217642166
 30
0.0
 10
-21.21786462028959
 20
-20.058555875893045
 30
0.0
 10
-21.196163756364975
 20
-20.100124038254055
 30
0.0
 10
-21.17213214689899
 20
-20.1417414029057
 30
0.0
 10
-21.145812695487034
 20
-20.18313093517286
 30
0.0
 10
-21.117279327960173
 20
-20.224018335124658
 30
0.0
 10
-21.086636233568296
 20
-20.264136269241202
 30
0.0
 10
-21.054016646619385
 20
-20.303228324266154
 30
0.0
 10
-21.019581193653373
 20
-20.341052673922604
 30
0.0
 10
-20.983515830374458
 20
-20.377385443292013
 30
0.0
 10
-20.94602939191234
 20
-20.412023751773088
 30
0.0
 10
-20.907350779200037
 20
-20.44478841307124
 30
0.0
 10
-20.867725803025355
 20
-20.47552626918174
 30
0.0
 10
-20.827413705284616
 20
-20.504112134459053
 30
0.0
 10
-20.78668337373499
 20
-20.53045032529863
 30
0.0
 10
-20.74580926157778
 20
-20.55447575038885
 30
0.0
 10
-20.705067015819797
 20
-20.576154535602505
 30
0.0
 10
-20.66472880757858
 20
-20.595484156021097
 30
0.0
 10
-20.625058341914627
 20
-20.612493044889394
 30
0.0
 10
-20.586305502347578
 20
-20.62723964492394
 30
0.0
 10
-20.548700552836472
 20
-20.639810860655018
 30
0.0
 10
-20.51244777297355
 20
-20.650319860460286
 30
0.0
 10
-20.477718333094842
 20
-20.658903162515458
 30
0.0
 10
-20.44464211333314
 20
-20.665716918675045
 30
0.0
 10
-20.41329801556662
 20
-20.670932282836503
 30
0.0
 10
-20.383702078955114
 20
-20.674729714567576
 30
0.0
 10
-20.355792336701313
 20
-20.67729202544435
 30
0.0
 10
-20.329408755648963
 20
-20.67879593100177
 30
0.0
 10
-20.304265627531716
 20
-20.67940184703859
 30
0.0
 10
-20.27991215761987
 20
-20.679241726449103
 30
0.0
 10
-20.25567422891708
 20
-20.678405033140876
 30
0.0
 10
-20.230565507993784
 20
-20.676923905212252
 30
0.0
 10
-20.203147581983274
 20
-20.674761223862262
 30
0.0
 10
-20.171303910898914
 20
-20.67181246663234
 30
0.0
 10
-20.13186715382477
 20
-20.667951506248876
 30
0.0
 10
-20.080002888642717
 20
-20.66320266402792
 30
0.0
 10
-20.00823262435609
 20
-20.6582605633961
 30
0.0
 10
-19.905155206620453
 20
-20.655924750951204
 30
0.0
 10
-19.755072532989637
 20
-20.664640011461838
 30
0.0
 10
-19.543702780676085
 20
-20.70494336576117
 30
0.0
 10
-19.279019945482624
 20
-20.811578451207815
 30
0.0
 10
-19.0139902679692
 20
-21.00813182213679
 30
0.0
 10
-18.81745796640485
 20
-21.26301216218975
 30
0.0
 10
-18.709679409780637
 20
-21.506558317530477
 30
0.0
 10
-18.66304236292776
 20
-21.69608516030476
 30
0.0
 10
-18.645977038078993
 20
-21.829968092635237
 30
0.0
 10
-18.640656782918654
 20
-21.92258218239768
 30
0.0
 10
-18.63941921034104
 20
-21.98788026262252
 30
0.0
 10
-18.63934008206957
 20
-22.035782614741603
 30
0.0
 10
-18.639374708962038
 20
-22.072818785116098
 30
0.0
 10
-18.639162226518987
 20
-22.103249932358256
 30
0.0
 10
-18.63856107457333
 20
-22.129892582675676
 30
0.0
 10
-18.637476230134816
 20
-22.154639000001445
 30
0.0
 10
-18.635800258360835
 20
-22.178775631031012
 30
0.0
 10
-18.633398376407392
 20
-22.20317917058338
 30
0.0
 10
-18.63011005253477
 20
-22.228439800934943
 30
0.0
 10
-18.625756215499845
 20
-22.25494077615757
 30
0.0
 10
-18.620147747482104
 20
-22.282911393877214
 30
0.0
 10
-18.613093617116796
 20
-22.3124634167452
 30
0.0
 10
-18.604408100307143
 20
-22.34361699059148
 30
0.0
 10
-18.59391696744206
 20
-22.376319765674065
 30
0.0
 10
-18.58146267364437
 20
-22.41046153712309
 30
0.0
 10
-18.566908636064667
 20
-22.44588587747625
 30
0.0
 10
-18.550142686942813
 20
-22.482399712010356
 30
0.0
 10
-18.531079781336924
 20
-22.519781457561354
 30
0.0
 10
-18.509664025419518
 20
-22.557788132941486
 30
0.0
 10
-18.48587007932355
 20
-22.596161709663193
 30
0.0
 10
-18.459703978984624
 20
-22.634634878798124
 30
0.0
 10
-18.43120341437843
 20
-22.67293634703809
 30
0.0
 10
-18.400437496669106
 20
-22.710795732120104
 30
0.0
 10
-18.367506043624953
 20
-22.747948098205615
 30
0.0
 10
-18.332538410786533
 20
-22.78413815131441
 30
0.0
 10
-18.295691894905243
 20
-22.819124100723158
 30
0.0
 10
-18.257149735767
 20
-22.852681182464796
 30
0.0
 10
-18.217118742394085
 20
-22.884604834410222
 30
0.0
 10
-18.175826569504675
 20
-22.914713507979837
 30
0.0
 10
-18.133518669764925
 20
-22.942851098641412
 30
0.0
 10
-18.09045494652846
 20
-22.968888975500768
 30
0.0
 10
-18.046906130140076
 20
-22.992727589062227
 30
0.0
 10
-18.00314989814293
 20
-23.014297635253428
 30
0.0
 10
-17.95946675542381
 20
-23.03356075271632
 30
0.0
 10
-17.91613568387859
 20
-23.050509728761515
 30
0.0
 10
-17.87342956173463
 20
-23.065168186820078
 30
0.0
 10
-17.831610339049146
 20
-23.077589724122266
 30
0.0
 10
-17.79092393634606
 20
-23.0878564619518
 30
0.0
 10
-17.75159480522072
 20
-23.09607696116208
 30
0.0
 10
-17.71382004900473
 20
-23.102383441333284
 30
0.0
 10
-17.677762941960097
 20
-23.1069282211134
 30
0.0
 10
-17.643545597042902
 20
-23.109879267319663
 30
0.0
 10
-17.611240399023558
 20
-23.111414697740727
 30
0.0
 10
-17.580859615391017
 20
-23.1117160226012
 30
0.0
 10
-17.55234227791376
 20
-23.11095982663791
 30
0.0
 10
-17.52553691758586
 20
-23.10930748213109
 30
0.0
 10
-17.500177903077592
 20
-23.10689234180063
 30
0.0
 10
-17.475851742196358
 20
-23.10380370514579
 30
0.0
 10
-17.45194732809522
 20
-23.100066751129017
 30
0.0
 10
-17.427579954520127
 20
-23.095617800357083
 30
0.0
 10
-17.40147152217881
 20
-23.09027533273669
 30
0.0
 10
-17.37175606554103
 20
-23.08371092049556
 30
0.0
 10
-17.335656174491035
 20
-23.075435838549662
 30
0.0
 10
-17.288937226654152
 20
-23.064853706777953
 30
0.0
 10
-17.225000919825185
 20
-23.051530061029975
 30
0.0
 10
-17.13352499050737
 20
-23.036108352534324
 30
0.0
 10
-16.99920139078996
 20
-23.022954058916824
 30
0.0
 10
-16.804048662438934
 20
-23.026248127571534
 30
0.0
 10
-16.542625732612276
 20
-23.077130332811237
 30
0.0
 10
-16.250403223531535
 20
-23.21201894793598
 30
0.0
 10
-15.999803204613059
 20
-23.426666538428975
 30
0.0
 10
-15.836944211703747
 20
-23.66098468352842
 30
0.0
 10
-15.750617151947873
 20
-23.85808661480961
 30
0.0
 10
-15.70872386450711
 20
-24.002467074558673
 30
0.0
 10
-15.688064229992957
 20
-24.103479893391526
 30
0.0
 10
-15.676912035604344
 20
-24.174550448157575
 30
0.0
 10
-15.67000092970887
 20
-24.22617108473451
 30
0.0
 10
-15.664989583738167
 20
-24.265478224482557
 30
0.0
 10
-15.66077852603759
 20
-24.297179668461844
 30
0.0
 10
-15.656785921947845
 20
-24.32439141169746
 30
0.0
 10
-15.652642698876669
 20
-24.349200186534787
 30
0.0
 10
-15.648064968004691
 20
-24.37301660153694
 30
0.0
 10
-15.64280191716683
 20
-24.396795109295624
 30
0.0
 10
-15.636616320358847
 20
-24.421173017694294
 30
0.0
 10
-15.629279221756777
 20
-24.44656045681628
 30
0.0
 10
-15.620570651450507
 20
-24.473200275751967
 30
0.0
 10
-15.610282713805178
 20
-24.50120917238623
 30
0.0
 10
-15.598223391802971
 20
-24.530606880476835
 30
0.0
 10
-15.584220319423045
 20
-24.561337606967605
 30
0.0
 10
-15.568124191273204
 20
-24.59328634289006
 30
0.0
 10
-15.549811671600292
 20
-24.626291717421005
 30
0.0
 10
-15.529187754007454
 20
-24.66015647367008
 30
0.0
 10
-15.506187563970045
 20
-24.694656271427977
 30
0.0
 10
-15.480777614387145
 20
-24.729547281856437
 30
0.0
 10
-15.452956532137161
 20
-24.7645728818097
 30
0.0
 10
-15.422755276752698
 20
-24.7994696508713
 30
0.0
 10
-15.390236873618312
 20
-24.83397280366925
 30
0.0
 10
-15.355495684795681
 20
-24.867821141945058
 30
0.0
 10
-15.318656241203945
 20
-24.900761577791613
 30
0.0
 10
-15.279871660614807
 20
-24.93255325663438
 30
0.0
 10
-15.23932167675717
 20
-24.96297129273922
 30
0.0
 10
-15.197210305690954
 20
-24.991810119170335
 30
0.0
 10
-15.153763176385496
 20
-25.018886446720664
 30
0.0
 10
-15.109224552990138
 20
-25.04404182137399
 30
0.0
 10
-15.063854076448584
 20
-25.067144766579908
 30
0.0
 10
-15.017923252715946
 20
-25.088092494450166
 30
0.0
 10
-14.971711713655376
 20
-25.1068121684563
 30
0.0
 10
-14.92550327446656
 20
-25.123261698895032
 30
0.0
 10
-14.87958180785341
 20
-25.137430050887012
 30
0.0
 10
-14.834226949601362
 20
-25.149337042534146
 30
0.0
 10
-14.789709642103134
 20
-25.159032607555773
 30
0.0
 10
-14.746287510656291
 20
-25.16659549158716
 30
0.0
 10
-14.704200050586408
 20
-25.172131343473833
 30
0.0
 10
-14.66366357921217
 20
-25.17577015111946
 30
0.0
 10
-14.624865871996343
 20
-25.17766295405669
 30
0.0
 10
-14.587960351649588
 20
-25.177977739490807
 30
0.0
 10
-14.553059624172466
 20
-25.176894391660237
 30
0.0
 10
-14.520228043408311
 20
-25.174598510952425
 30
0.0
 10
-14.489472813616537
 20
-25.171273842097968
 30
0.0
 10
-14.460732870918273
 20
-25.167092939681716
 30
0.0
 10
-14.433864355944888
 20
-25.162205540117043
 30
0.0
 10
-14.408620790824767
 20
-25.15672388457569
 30
0.0
 10
-14.384624905130726
 20
-25.15070393041831
 30
0.0
 10
-14.361327053555511
 20
-25.14412100038793
 30
0.0
 10
-14.337941653560144
 20
-25.136838020992986
 30
0.0
 10
-14.313346764709026
 20
-25.12856439432837
 30
0.0
 10
-14.2859204381128
 20
-25.118804746983482
 30
0.0
 10
-14.253266473044993
 20
-25.106802603809648
 30
0.0
 10
-14.211745173914078
 20
-25.091504854889905
 30
0.0
 10
-14.155668796689463
 20
-25.07164063123722
 30
0.0
 10
-14.075990729212949
 20
-25.04621604977516
 30
0.0
 10
-13.958616547655641
 20
-25.016298069792814
 30
0.0
 10
-13.784364100837863
 20
-24.990028010034504
 30
0.0
 10
-13.53828960404865
 20
-24.99175215471219
 30
0.0
 10
-13.236757537517684
 20
-25.062325560987958
 30
0.0
 10
-12.944187436284011
 20
-25.222456584454903
 30
0.0
 10
-12.726640039027512
 20
-25.432329920393897
 30
0.0
 10
-12.595533160047873
 20
-25.628271758308614
 30
0.0
 10
-12.523988822673429
 20
-25.779424053174544
 30
0.0
 10
-12.484755083107563
 20
-25.887275159596545
 30
0.0
 10
-12.461703025863217
 20
-25.96334456185017
 30
0.0
 10
-12.446765692023083
 20
-26.018203073122532
 30
0.0
 10
-12.435999808701638
 20
-26.059421545837314
 30
0.0
 10
-12.427386110145402
 20
-26.092087918108017
 30
0.0
 10
-12.419795788106613
 20
-26.119587711247252
 30
0.0
 10
-12.412521581660108
 20
-26.1441863065276
 30
0.0
 10
-12.40506360643504
 20
-26.16740900985072
 30
0.0
 10
-12.39703010324911
 20
-26.19028194718516
 30
0.0
 10
-12.38809119642161
 20
-26.21348555850979
 30
0.0
 10
-12.377957732332328
 20
-26.237454307770832
 30
0.0
 10
-12.366372203871737
 20
-26.262443142072367
 30
0.0
 10
-12.353105531034037
 20
-26.288573097503235
 30
0.0
 10
-12.33795663130826
 20
-26.315863590639665
 30
0.0
 10
-12.320753232728052
 20
-26.344256046110278
 30
0.0
 10
-12.301353130963648
 20
-26.373631776090605
 30
0.0
 10
-12.279645470584578
 20
-26.40382596984945
 30
0.0
 10
-12.2555518274481
 20
-26.434638994999567
 30
0.0
 10
-12.229026974169376
 20
-26.46584579724902
 30
0.0
 10
-12.20005926817197
 20
-26.49720391861812
 30
0.0
 10
-12.168670634319149
 20
-26.528460479578282
 30
0.0
 10
-12.13491613318133
 20
-26.559358354695725
 30
0.0
 10
-12.09888311770811
 20
-26.58964169338832
 30
0.0
 10
-12.060689988713072
 20
-26.619060884353352
 30
0.0
 10
-12.020484564892675
 20
-26.647377025832075
 30
0.0
 10
-11.978442087036917
 20
-26.674365938794356
 30
0.0
 10
-11.934762879136967
 20
-26.699821742824764
 30
0.0
 10
-11.889669691502537
 20
-26.723560002603993
 30
0.0
 10
-11.843404752867288
 20
-26.745420444783832
 30
0.0
 10
-11.79622655979768
 20
-26.76526923960712
 30
0.0
 10
-11.74840643248507
 20
-26.783000837997026
 30
0.0
 10
-11.700224866099237
 20
-26.7985393523947
 30
0.0
 10
-11.651967706171558
 20
-26.811839467852955
 30
0.0
 10
-11.603922174767249
 20
-26.822886868325412
 30
0.0
 10
-11.55637277121602
 20
-26.83169816129251
 30
0.0
 10
-11.509597066519376
 20
-26.838320281339925
 30
0.0
 10
-11.463861403678173
 20
-26.84282934948331
 30
0.0
 10
-11.419416506288586
 20
-26.845328959186414
 30
0.0
 10
-11.376492983626122
 20
-26.84594785117041
 30
0.0
 10
-11.335296700286314
 20
-26.84483692592244
 30
0.0
 10
-11.296003949497143
 20
-26.84216552337307
 30
0.0
 10
-11.258756327165361
 20
-26.838116870776304
 30
0.0
 10
-11.223655141740457
 20
-26.83288255836838
 30
0.0
 10
-11.19075510206832
 20
-26.826655841937594
 30
0.0
 10
-11.160056883476528
 20
-26.819623483118786
 30
0.0
 10
-11.131497951029143
 20
-26.811955708741852
 30
0.0
 10
-11.104940666179726
 20
-26.803793680186175
 30
0.0
 10
-11.080156127650042
 20
-26.795233583793305
 30
0.0
 10
-11.056801235200053
 20
-26.786306044780275
 30
0.0
 10
-11.034384813923888
 20
-26.776948983537263
 30
0.0
 10
-11.01221572849203
 20
-26.766971243910962
 30
0.0
 10
-10.989320666139925
 20
-26.756003396817693
 30
0.0
 10
-10.96430959260638
 20
-26.74343151910585
 30
0.0
 10
-10.935148840649024
 20
-26.72831133928737
 30
0.0
 10
-10.898768438773354
 20
-26.709270617530528
 30
0.0
 10
-10.850373163143399
 20
-26.68444932799088
 30
0.0
 10
-10.78225771429763
 20
-26.651671481436455
 30
0.0
 10
-10.682007128488644
 20
-26.609493072242596
 30
0.0
 10
-10.531043526361573
 20
-26.560887577105426
 30
0.0
 10
-10.308963766346992
 20
-26.522164954425783
 30
0.0
 10
-10.014973381845177
 20
-26.531443070590004
 30
0.0
 10
-9.696798744131893
 20
-26.627405620366126
 30
0.0
 10
-9.430028322155245
 20
-26.797224397884236
 30
0.0
 10
-9.251217028109853
 20
-26.980849344010828
 30
0.0
 10
-9.145498237006246
 20
-27.13333562776316
 30
0.0
 10
-9.084293647009615
 20
-27.2455924729998
 30
0.0
 10
-9.047188566486335
 20
-27.325451480741897
 30
0.0
 10
-9.022922969033141
 20
-27.38283690425918
 30
0.0
 10
-9.005634033610498
 20
-27.42547973501164
 30
0.0
 10
-8.99218446205893
 20
-27.4587357040248
 30
0.0
 10
-8.980780280403811
 20
-27.486207337529528
 30
0.0
 10
-8.970305053070652
 20
-27.510310654132294
 30
0.0
 10
-8.95999936982357
 20
-27.532669099503597
 30
0.0
 10
-8.949303258776213
 20
-27.55437002692243
 30
0.0
 10
-8.937776819562977
 20
-27.576130223560867
 30
0.0
 10
-8.925059492978448
 20
-27.598404106470756
 30
0.0
 10
-8.910848951676725
 20
-27.621456030639056
 30
0.0
 10
-8.894890179709064
 20
-27.64540992820267
 30
0.0
 10
-8.876969916697748
 20
-27.670284407898684
 30
0.0
 10
-8.85691392396163
 20
-27.69601836106386
 30
0.0
 10
-8.8345856924903
 20
-27.72249025002367
 30
0.0
 10
-8.809885823283192
 20
-27.74953310720092
 30
0.0
 10
-8.782751641321362
 20
-27.77694655876447
 30
0.0
 10
-8.753156789096561
 20
-27.804506734420798
 30
0.0
 10
-8.721110651838547
 20
-27.83197463398735
 30
0.0
 10
-8.686657529553967
 20
-27.859103331175614
 30
0.0
 10
-8.649875509541054
 20
-27.8856442688422
 30
0.0
 10
-8.610875017471926
 20
-27.91135281518116
 30
0.0
 10
-8.569797041206627
 20
-27.935993192750786
 30
0.0
 10
-8.526811032487409
 20
-27.95934285280519
 30
0.0
 10
-8.482112499459374
 20
-27.981196340286427
 30
0.0
 10
-8.435920308665143
 20
-28.00136867616572
 30
0.0
 10
-8.388473719407614
 20
-28.01969827102
 30
0.0
 10
-8.34002917653277
 20
-28.03604937501416
 30
0.0
 10
-8.290856889941992
 20
-28.05031406359523
 30
0.0
 10
-8.241237230594018
 20
-28.062413754279376
 30
0.0
 10
-8.191456973402149
 20
-28.072300247250276
 30
0.0
 10
-8.141805417219944
 20
-28.079956280525543
 30
0.0
 10
-8.092570410923758
 20
-28.085395588702937
 30
0.0
 10
-8.044034312245465
 20
-28.088662452294454
 30
0.0
 10
-7.996469902204658
 20
-28.08983072188279
 30
0.0
 10
-7.950136272303757
 20
-28.08900229718867
 30
0.0
 10
-7.905274693452269
 20
-28.08630503485615
 30
0.0
 10
-7.862104463935969
 20
-28.08189004932151
 30
0.0
 10
-7.820818717199521
 20
-28.075928357117686
 30
0.0
 10
-7.7815801465759495
 20
-28.06860679435657
 30
0.0
 10
-7.744516569919202
 20
-28.06012310699476
 30
0.0
 10
-7.709716206926581
 20
-28.050680069482418
 30
0.0
 10
-7.67722246694499
 20
-28.040478423013734
 30
0.0
 10
-7.647027930721865
 20
-28.029708329975218
 30
0.0
 10
-7.6190670314951205
 20
-28.01853890123447
 30
0.0
 10
-7.593206657129534
 20
-28.007105144428174
 30
0.0
 10
-7.569233432094005
 20
-27.99549136885573
 30
0.0
 10
-7.546835663271719
 20
-27.983709612391237
 30
0.0
 10
-7.525576601627305
 20
-27.971670950733618
 30
0.0
 10
-7.504853318038595
 20
-27.959146509346724
 30
0.0
 10
-7.483831219184638
 20
-27.94571353260544
 30
0.0
 10
-7.46133628654611
 20
-27.930680042202674
 30
0.0
 10
-7.435672074767726
 20
-27.91298028198841
 30
0.0
 10
-7.404299803284026
 20
-27.89103618345801
 30
0.0
 10
-7.363266855198945
 20
-27.8626021538626
 30
0.0
 10
-7.30618566774501
 20
-27.82470274686214
 30
0.0
 10
-7.222521525676182
 20
-27.774099878688908
 30
0.0
 10
-7.095451579362179
 20
-27.709698424540417
 30
0.0
 10
-6.902586852906702
 20
-27.639995380837412
 30
0.0
 10
-6.630145980206785
 20
-27.595506736855366
 30
0.0
 10
-6.304907326645689
 20
-27.62360388831252
 30
0.0
 10
-5.999686528015904
 20
-27.73940499268554
 30
0.0
 10
-5.77352868256825
 20
-27.897695540424042
 30
0.0
 10
-5.630006585545157
 20
-28.044176681456875
 30
0.0
 10
-5.543463263600691
 20
-28.15733397012853
 30
0.0
 10
-5.4900402378900335
 20
-28.239226089770074
 30
0.0
 10
-5.455055801470837
 20
-28.29813887463517
 30
0.0
 10
-5.430423455766942
 20
-28.341560579031885
 30
0.0
 10
-5.411679203366687
 20
-28.374943447097863
 30
0.0
 10
-5.396236185678367
 20
-28.402025664188166
 30
0.0
 10
-5.382491738713414
 20
-28.425330556501375
 30
0.0
 10
-5.369379832284039
 20
-28.4465543972034
 30
0.0
 10
-5.356142950389181
 20
-28.466830024751097
 30
0.0
 10
-5.342212577220751
 20
-28.486900445272262
 30
0.0
 10
-5.3271447973495665
 20
-28.50723346874046
 30
0.0
 10
-5.310584696299988
 20
-28.52809871148718
 30
0.0
 10
-5.292246225239562
 20
-28.54962056633753
 30
0.0
 10
-5.27190055902356
 20
-28.571815653410805
 30
0.0
 10
-5.249369190143961
 20
-28.594620090220296
 30
0.0
 10
-5.224519670533832
 20
-28.61790996149109
 30
0.0
 10
-5.197262807310245
 20
-28.641517155925985
 30
0.0
 10
-5.167550612603465
 20
-28.665241977348924
 30
0.0
 10
-5.135374589077584
 20
-28.68886345520086
 30
0.0
 10
-5.100764097884837
 20
-28.712147968442796
 30
0.0
 10
-5.063784655502317
 20
-28.73485659356285
 30
0.0
 10
-5.024536067858421
 20
-28.756751452527798
 30
0.0
 10
-4.9831503497846255
 20
-28.77760124597491
 30
0.0
 10
-4.939789403940495
 20
-28.797186095523923
 30
0.0
 10
-4.894642451071616
 20
-28.815301777108967
 30
0.0
 10
-4.847923215817533
 20
-28.831763398405517
 30
0.0
 10
-4.799866881110193
 20
-28.84640855362219
 30
0.0
 10
-4.75072683060714
 20
-28.859099975367325
 30
0.0
 10
-4.700771203262547
 20
-28.86972769408129
 30
0.0
 10
-4.65027928746172
 20
-28.8782107093264
 30
0.0
 10
-4.599537784372037
 20
-28.884498173074192
 30
0.0
 10
-4.548836971411014
 20
-28.888570082304675
 30
0.0
 10
-4.4984667970471035
 20
-28.89043747614436
 30
0.0
 10
-4.448712937486849
 20
-28.890142130911986
 30
0.0
 10
-4.399852844063922
 20
-28.887755744319666
 30
0.0
 10
-4.35215180713927
 20
-28.883378597173444
 30
0.0
 10
-4.3058590577393066
 20
-28.877137676609397
 30
0.0
 10
-4.2612039215346105
 20
-28.869184238422385
 30
0.0
 10
-4.2183920303807385
 20
-28.859690776350075
 30
0.0
 10
-4.1776015834051305
 20
-28.848847351831765
 30
0.0
 10
-4.138979630835874
 20
-28.836857216713376
 30
0.0
 10
-4.102638326765783
 20
-28.823931630620415
 30
0.0
 10
-4.068651057580422
 20
-28.81028372981182
 30
0.0
 10
-4.03704829398603
 20
-28.79612123854315
 30
0.0
 10
-4.007812925094358
 20
-28.78163771701331
 30
0.0
 10
-3.980874693757401
 20
-28.767001895923276
 30
0.0
 10
-3.9561031304032883
 20
-28.752344431606577
 30
0.0
 10
-3.9332980200423697
 20
-28.737741088380567
 30
0.0
 10
-3.9121758291051503
 20
-28.72319085452152
 30
0.0
 10
-3.892349470734853
 20
-28.708586729335448
 30
0.0
 10
-3.8732969281427243
 20
-28.693675737981653
 30
0.0
 10
-3.854310862496083
 20
-28.67800294314885
 30
0.0
 10
-3.8344149716520035
 20
-28.660831636079983
 30
0.0
 10
-3.812220663952101
 20
-28.641028638519902
 30
0.0
 10
-3.7856737945141274
 20
-28.61690159616142
 30
0.0
 10
-3.7515949710857015
 20
-28.585983121160794
 30
0.0
 10
-3.704833821092788
 20
-28.544809089255175
 30
0.0
 10
-3.636753773818933
 20
-28.488957900535706
 30
0.0
 10
-3.5329039239064612
 20
-28.414373654127434
 30
0.0
 10
-3.3714932654111163
 20
-28.322857924063445
 30
0.0
 10
-3.1307179780262726
 20
-28.235000877090016
 30
0.0
 10
-2.8166845267861134
 20
-28.19774679353417
 30
0.0
 10
-2.488382493738266
 20
-28.249338325204768
 30
0.0
 10
-2.2194806861061718
 20
-28.36853667868029
 30
0.0
 10
-2.0361948524585207
 20
-28.499781352855628
 30
0.0
 10
-1.9212704807273813
 20
-28.60907404294474
 30
0.0
 10
-1.8492483498155725
 20
-28.6905725755456
 30
0.0
 10
-1.8021002256055954
 20
-28.74965858048487
 30
0.0
 10
-1.7692671428246285
 20
-28.79301971276728
 30
0.0
 10
-1.7447509928842222
 20
-28.825959675088953
 30
0.0
 10
-1.7250384633617923
 20
-28.852234862477253
 30
0.0
 10
-1.707958998064582
 20
-28.874413631010754
 30
0.0
 10
-1.692090030163583
 20
-28.894229115050372
 30
0.0
 10
-1.676445553336569
 20
-28.9128375535057
 30
0.0
 10
-1.6603089323562799
 20
-28.930994095061624
 30
0.0
 10
-1.6431404153536684
 20
-28.9491708378423
 30
0.0
 10
-1.6245244043633031
 20
-28.967636826448008
 30
0.0
 10
-1.604138488966434
 20
-28.986513334126936
 30
0.0
 10
-1.5817347025481856
 20
-29.005813016522115
 30
0.0
 10
-1.557127789436077
 20
-29.025468410752616
 30
0.0
 10
-1.5301875489460874
 20
-29.045353280636114
 30
0.0
 10
-1.500833556691083
 20
-29.065299066740113
 30
0.0
 10
-1.469031253093832
 20
-29.085107914337314
 30
0.0
 10
-1.4347887860253195
 20
-29.104563250500547
 30
0.0
 10
-1.3981542296633767
 20
-29.123438557016733
 30
0.0
 10
-1.359212944875623
 20
-29.141504773115493
 30
0.0
 10
-1.3180849359861715
 20
-29.15853662085516
 30
0.0
 10
-1.2749221162673936
 20
-29.174318051239272
 30
0.0
 10
-1.2299054323544532
 20
-29.188646944890696
 30
0.0
 10
-1.1832418233284399
 20
-29.201339157246988
 30
0.0
 10
-1.135161007866829
 20
-29.21223196816363
 30
0.0
 10
-1.085912105292842
 20
-29.221186975184875
 30
0.0
 10
-1.0357601052452796
 20
-29.228092455639107
 30
0.0
 10
-0.9849822070675599
 20
-29.232865213155158
 30
0.0
 10
-0.9338640545529854
 20
-29.235451917767826
 30
0.0
 10
-0.882695894775506
 20
-29.23582994449033
 30
0.0
 10
-0.8317686916492555
 20
-29.2340077123106
 30
0.0
 10
-0.7813702257217482
 20
-29.230024523417107
 30
0.0
 10
-0.7317812115734795
 20
-29.223949900553396
 30
0.0
 10
-0.6832714630483034
 20
-29.215882418241932
 30
0.0
 10
-0.6360961342782667
 20
-29.205948020680555
 30
0.0
 10
-0.5904920608953823
 20
-29.19429781478756
 30
0.0
 10
-0.5466742206318147
 20
-29.181105320388138
 30
0.0
 10
-0.5048323251831514
 20
-29.166563149867184
 30
0.0
 10
-0.46512754495359
 20
-29.15087907534955
 30
0.0
 10
-0.4276893538778519
 20
-29.134271420576084
 30
0.0
 10
-0.39261246093191354
 20
-29.116963684163004
 30
0.0
 10
-0.35995376504763943
 20
-29.099178256447598
 30
0.0
 10
-0.32972922576059926
 20
-29.081129026956255
 30
0.0
 10
-0.3019104744753782
 20
-29.063012583395373
 30
0.0
 10
-0.2764208862351112
 20
-29.044997559946346
 30
0.0
 10
-0.25313066426236935
 20
-29.027211477199884
 30
0.0
 10
-0.23185021493822744
 20
-29.00972408785715
 30
0.0
 10
-0.212320628718467
 20
-28.992525736259722
 30
0.0
 10
-0.19419928231120073
 20
-28.97549845115122
 30
0.0
 10
-0.17703715046525112
 20
-28.958376253095953
 30
0.0
 10
-0.16024179361957988
 20
-28.940689214550172
 30
0.0
 10
-0.1430150295753364
 20
-28.92168280590055
 30
0.0
 10
-0.12424467264881006
 20
-28.900199665715704
 30
0.0
 10
-0.10231059066791985
 20
-28.874505625009622
 30
0.0
 10
-0.07472683989764337
 20
-28.842040206021593
 30
0.0
 10
-0.03746655114492631
 20
-28.799095461484693
 30
0.0
 10
0.016307911455559966
 20
-28.740561211045783
 30
0.0
 10
0.09845113069815829
 20
-28.66041360341312
 30
0.0
 10
0.2284928742198245
 20
-28.555272016039645
 30
0.0
 10
0.4316320678323846
 20
-28.435619663034597
 30
0.0
 10
0.7186961277919999
 20
-28.340920599307665
 30
0.0
 10
1.051770927893212
 20
-28.3235889418559
 30
0.0
 10
1.3540625859090731
 20
-28.390834360389906
 30
0.0
 10
1.5765161250404065
 20
-28.496048682479962
 30
0.0
 10
1.722114003024248
 20
-28.595322491655786
 30
0.0
 10
1.8148835614812853
 20
-28.673204408980336
 30
0.0
 10
1.8756397072620106
 20
-28.730682183199466
 30
0.0
 10
1.9175440137330377
 20
-28.772909858521974
 30
0.0
 10
1.9483159671034724
 20
-28.804708070567596
 30
0.0
 10
1.972528638285487
 20
-28.829689652375976
 30
0.0
 10
1.9930043524271013
 20
-28.850382627929193
 30
0.0
 10
2.011573789518202
 20
-28.868508230316632
 30
0.0
 10
2.0294833405456734
 20
-28.885216512807766
 30
0.0
 10
2.047617753208021
 20
-28.901256086779593
 30
0.0
 10
2.0666253389569764
 20
-28.91709130266996
 30
0.0
 10
2.086990604042192
 20
-28.93298287608024
 30
0.0
 10
2.1090777363623525
 20
-28.949044082674224
 30
0.0
 10
2.1331575044255238
 20
-28.965280739390938
 30
0.0
 10
2.1594244892391803
 20
-28.981620356624358
 30
0.0
 10
2.1880085760856613
 20
-28.997933962689608
 30
0.0
 10
2.218982998002201
 20
-29.01405288349377
 30
0.0
 10
2.2523703031695237
 20
-29.02978197677968
 30
0.0
 10
2.2881470859327995
 20
-29.04491031453615
 30
0.0
 10
2.32624800412284
 20
-29.05921997790165
 30
0.0
 10
2.3665694114906817
 20
-29.07249341223953
 30
0.0
 10
2.408972812504273
 20
-29.08451964592826
 30
0.0
 10
2.4532882686474946
 20
-29.095099579519868
 30
0.0
 10
2.4993178339981776
 20
-29.10405048622094
 30
0.0
 10
2.5468390633244833
 20
-29.111209819806575
 30
0.0
 10
2.595608612241439
 20
-29.116438395363712
 30
0.0
 10
2.6453659324257415
 20
-29.119622987224837
 30
0.0
 10
2.695837053180341
 20
-29.12067837410234
 30
0.0
 10
2.7467384323166804
 20
-29.119548851722328
 30
0.0
 10
2.7977808534286908
 20
-29.1162092267532
 30
0.0
 10
2.848673342571684
 20
-29.110665301490208
 30
0.0
 10
2.899127074730757
 20
-29.102953855826502
 30
0.0
 10
2.9488592390221995
 20
-29.093142130890612
 30
0.0
 10
2.997596831176774
 20
-29.081326816841074
 30
0.0
 10
3.045080342437107
 20
-29.067632545180725
 30
0.0
 10
3.0910673155741706
 20
-29.052209883071814
 30
0.0
 10
3.1353357413795218
 20
-29.035232822898386
 30
0.0
 10
3.1776872728960757
 20
-29.016895753995783
 30
0.0
 10
3.217950240147158
 20
-28.99740989405123
 30
0.0
 10
3.2559824557226644
 20
-28.976999143821352
 30
0.0
 10
3.2916738121521654
 20
-28.95589530854637
 30
0.0
 10
3.3249486869031846
 20
-28.93433259992729
 30
0.0
 10
3.3557681923337603
 20
-28.912541289509804
 30
0.0
 10
3.384132339692666
 20
-28.890740321341816
 30
0.0
 10
3.4100822344775668
 20
-28.869128598888924
 30
0.0
 10
3.4337024956774043
 20
-28.847874522833173
 30
0.0
 10
3.4551242120110115
 20
-28.827103147794737
 30
0.0
 10
3.4745289469901124
 20
-28.806880007334012
 30
0.0
 10
3.4921546414241837
 20
-28.787190162825038
 30
0.0
 10
3.508304849625453
 20
-28.76791025616502
 30
0.0
 10
3.5233638024375087
 20
-28.748770113125964
 30
0.0
 10
3.5378217506323404
 20
-28.72929846765135
 30
0.0
 10
3.552318789621564
 20
-28.70874421099025
 30
0.0
 10
3.5677227345112765
 20
-28.685959603484882
 30
0.0
 10
3.5852715074495776
 20
-28.659224698852775
 30
0.0
 10
3.606841302923389
 20
-28.625984531181267
 30
0.0
 10
3.6354653489916218
 20
-28.582474561151464
 30
0.0
 10
3.6763494869876014
 20
-28.523280959683454
 30
0.0
 10
3.738790994041115
 20
-28.44123543412777
 30
0.0
 10
3.839179875530747
 20
-28.329329950959156
 30
0.0
 10
4.00247719175992
 20
-28.189203154545268
 30
0.0
 10
4.250874907167955
 20
-28.04875166941845
 30
0.0
 10
4.569789821665017
 20
-27.96409214604526
 30
0.0
 10
4.891599181541765
 20
-27.96935229807765
 30
0.0
 10
5.149210064135473
 20
-28.036936173510774
 30
0.0
 10
5.326465839690696
 20
-28.11864191568005
 30
0.0
 10
5.441779787160464
 20
-28.188774350405797
 30
0.0
 10
5.517505523092556
 20
-28.242358747901925
 30
0.0
 10
5.569329231838319
 20
-28.282103861800103
 30
0.0
 10
5.606830134479538
 20
-28.31190862485756
 30
0.0
 10
5.6357645889540695
 20
-28.335027371780647
 30
0.0
 10
5.659689098551918
 20
-28.353834756281564
 30
0.0
 10
5.680893973453951
 20
-28.369976177532106
 30
0.0
 10
5.700917891041542
 20
-28.384557150831643
 30
0.0
 10
5.720833620370439
 20
-28.39829576663316
 30
0.0
 10
5.741410624779431
 20
-28.41163325774499
 30
0.0
 10
5.763210417254992
 20
-28.424812088029498
 30
0.0
 10
5.786644286990424
 20
-28.437931208956694
 30
0.0
 10
5.812009419120801
 20
-28.450985726991917
 30
0.0
 10
5.839512299313361
 20
-28.46389597067335
 30
0.0
 10
5.869284475292479
 20
-28.47652929577468
 30
0.0
 10
5.90139364876744
 20
-28.488716844570458
 30
0.0
 10
5.935851885725704
 20
-28.500266731903388
 30
0.0
 10
5.9726220442663145
 20
-28.51097464207434
 30
0.0
 10
6.011623107946629
 20
-28.52063249867616
 30
0.0
 10
6.052734860727096
 20
-28.529035656052898
 30
0.0
 10
6.095802181496819
 20
-28.53598891835788
 30
0.0
 10
6.1406391346095734
 20
-28.54131159595472
 30
0.0
 10
6.187032966185332
 20
-28.544841743537177
 30
0.0
 10
6.23474807125926
 20
-28.54643967970374
 30
0.0
 10
6.28352996635979
 20
-28.545990857154873
 30
0.0
 10
6.333109280947118
 20
-28.54340813177078
 30
0.0
 10
6.38320576628959
 20
-28.53863346459238
 30
0.0
 10
6.433532309867439
 20
-28.53163908112182
 30
0.0
 10
6.483798935997096
 20
-28.522428105951285
 30
0.0
 10
6.533716768249679
 20
-28.511034686483956
 30
0.0
 10
6.58300192583491
 20
-28.497523616657638
 30
0.0
 10
6.631379324080672
 20
-28.481989469510378
 30
0.0
 10
6.678586348214017
 20
-28.464555245615653
 30
0.0
 10
6.724376369695838
 20
-28.445370542385053
 30
0.0
 10
6.768522075304488
 20
-28.424609246481324
 30
0.0
 10
6.810818580985902
 20
-28.402466747540487
 30
0.0
 10
6.851086305265694
 20
-28.379156665353527
 30
0.0
 10
6.889173580894037
 20
-28.35490707367768
 30
0.0
 10
6.924958988683588
 20
-28.329956190641184
 30
0.0
 10
6.958353404700644
 20
-28.304547486434608
 30
0.0
 10
6.989301761957462
 20
-28.2789241309665
 30
0.0
 10
7.017784541967245
 20
-28.25332266338666
 30
0.0
 10
7.043819032407088
 20
-28.22796570577706
 30
0.0
 10
7.067460418839891
 20
-28.203053455488693
 30
0.0
 10
7.088802828194329
 20
-28.178753559838874
 30
0.0
 10
7.107980522224053
 20
-28.155188779710382
 30
0.0
 10
7.125169573506283
 20
-28.132421547003247
 30
0.0
 10
7.1405905873505375
 20
-28.110434052450803
 30
0.0
 10
7.154513441536738
 20
-28.089101761177783
 30
0.0
 10
7.167265761389873
 20
-28.068157069297285
 30
0.0
 10
7.179248251502504
 20
-28.04713789306362
 30
0.0
 10
7.190962730647197
 20
-28.02531283782225
 30
0.0
 10
7.203064162574854
 20
-28.00156946938187
 30
0.0
 10
7.216459182592041
 20
-27.974244145778993
 30
0.0
 10
7.232497376924662
 20
-27.94086068523962
 30
0.0
 10
7.253352720683724
 20
-27.897736489751402
 30
0.0
 10
7.282799510253143
 20
-27.839441914952356
 30
0.0
 10
7.327776642082962
 20
-27.758307875549367
 30
0.0
 10
7.401241595775951
 20
-27.645087888530686
 30
0.0
 10
7.525492738287355
 20
-27.494565159829182
 30
0.0
 10
7.728268578960125
 20
-27.32190101911471
 30
0.0
 10
8.0159264991766
 20
-27.17753393754668
 30
0.0
 10
8.339991299201184
 20
-27.115437536915074
 30
0.0
 10
8.624729523173459
 20
-27.134204222915496
 30
0.0
 10
8.832654059686492
 20
-27.189602053889942
 30
0.0
 10
8.971655286057194
 20
-27.24686830710589
 30
0.0
 10
9.063511359383277
 20
-27.293696416825746
 30
0.0
 10
9.126029836045443
 20
-27.329289046263167
 30
0.0
 10
9.170697478911743
 20
-27.3560706665666
 30
0.0
 10
9.20455356135889
 20
-27.376660239290306
 30
0.0
 10
9.23196429983288
 20
-27.39313342883076
 30
0.0
 10
9.255728645320191
 20
-27.406978129654597
 30
0.0
 10
9.277708183861135
 20
-27.41920684552633
 30
0.0
 10
9.299182775423725
 20
-27.430477123283048
 30
0.0
 10
9.321055019919607
 20
-27.44118796153513
 30
0.0
 10
9.343971092710587
 20
-27.45155124449001
 30
0.0
 10
9.36839439802908
 20
-27.461643679200826
 30
0.0
 10
9.394651951934902
 20
-27.471444700197832
 30
0.0
 10
9.42296461331682
 20
-27.48086452806985
 30
0.0
 10
9.453467531300182
 20
-27.48976534166381
 30
0.0
 10
9.486224553573317
 20
-27.497977593396598
 30
0.0
 10
9.521238852893418
 20
-27.505312844693147
 30
0.0
 10
9.558461163054698
 20
-27.511574054716128
 30
0.0
 10
9.597796497929911
 20
-27.516563956813943
 30
0.0
 10
9.639109909884919
 20
-27.52009195620821
 30
0.0
 10
9.682231644723702
 20
-27.521979846835034
 30
0.0
 10
9.726961922519024
 20
-27.522066553230538
 30
0.0
 10
9.773075489943318
 20
-27.520212040588603
 30
0.0
 10
9.820326033772256
 20
-27.516300493160067
 30
0.0
 10
9.868450507200775
 20
-27.510242831724984
 30
0.0
 10
9.917173394377514
 20
-27.501978620747494
 30
0.0
 10
9.966210920243961
 20
-27.49147740215099
 30
0.0
 10
10.015275199906345
 20
-27.47873948346149
 30
0.0
 10
10.064078312729714
 20
-27.46379620196937
 30
0.0
 10
10.112336280080116
 20
-27.446709682554953
 30
0.0
 10
10.159772921413266
 20
-27.427572104156926
 30
0.0
 10
10.206123560742054
 20
-27.406504487950958
 30
0.0
 10
10.251138554065486
 20
-27.383655018640333
 30
0.0
 10
10.294586607877513
 20
-27.359196908386405
 30
0.0
 10
10.336257859240352
 20
-27.333325810346803
 30
0.0
 10
10.375966689002054
 20
-27.306256785003665
 30
0.0
 10
10.413554241518177
 20
-27.278220816802172
 30
0.0
 10
10.448890626723745
 20
-27.249460870199556
 30
0.0
 10
10.481876783689819
 20
-27.220227461864813
 30
0.0
 10
10.512445989116806
 20
-27.190773707760947
 30
0.0
 10
10.540564999997978
 20
-27.161349777710395
 30
0.0
 10
10.566234827709001
 20
-27.132196652089775
 30
0.0
 10
10.58949115244009
 20
-27.103539019913768
 30
0.0
 10
10.610404404659125
 20
-27.075577076086894
 30
0.0
 10
10.62907956862713
 20
-27.048476854418688
 30
0.0
 10
10.645655809976901
 20
-27.02235855039159
 30
0.0
 10
10.660306110021157
 20
-26.997282008366692
 30
0.0
 10
10.673237232251063
 20
-26.973228113687135
 30
0.0
 10
10.68469060678775
 20
-26.95007414341918
 30
0.0
 10
10.694945207121295
 20
-26.927560024509084
 30
0.0
 10
10.704324438039004
 20
-26.90524064093343
 30
0.0
 10
10.7132109338714
 20
-26.88241633560703
 30
0.0
 10
10.722077014447315
 20
-26.858028755345654
 30
0.0
 10
10.731546649830506
 20
-26.830500949174986
 30
0.0
 10
10.742522410650148
 20
-26.797487837388275
 30
0.0
 10
10.756450255501829
 20
-26.75548718809185
 30
0.0
 10
10.775882829400134
 20
-26.699259770085664
 30
0.0
 10
10.805683553687933
 20
-26.621112981212132
 30
0.0
 10
10.855474340248376
 20
-26.51069259543052
 30
0.0
 10
10.94358020402282
 20
-26.358077432257765
 30
0.0
 10
11.098353133857744
 20
-26.16676363025899
 30
0.0
 10
11.341531813124638
 20
-25.97501816676675
 30
0.0
 10
11.649141763038934
 20
-25.846117710886244
 30
0.0
 10
11.948865928017028
 20
-25.806886191422212
 30
0.0
 10
12.183803227628648
 20
-25.826550443565072
 30
0.0
 10
12.346586015135813
 20
-25.86485674258988
 30
0.0
 10
12.455369242063622
 20
-25.901426634795605
 30
0.0
 10
12.529215418201737
 20
-25.930832307244966
 30
0.0
 10
12.581418804712083
 20
-25.95335755170808
 30
0.0
 10
12.620357122798659
 20
-25.970639742576648
 30
0.0
 10
12.651267274264073
 20
-25.984272431839408
 30
0.0
 10
12.677499966685618
 20
-25.995483919682943
 30
0.0
 10
12.701267316436319
 20
-26.005133689370457
 30
0.0
 10
12.724073528497701
 20
-26.01378192823756
 30
0.0
 10
12.746965118311902
 20
-26.02176212569889
 30
0.0
 10
12.770679749399196
 20
-26.02924062194953
 30
0.0
 10
12.795737383683997
 20
-26.03626223142558
 30
0.0
 10
12.82249789989545
 20
-26.042784583881435
 30
0.0
 10
12.851198756905696
 20
-26.04870404212348
 30
0.0
 10
12.881980508100206
 20
-26.053875499551374
 30
0.0
 10
12.914904767223808
 20
-26.058127747371596
 30
0.0
 10
12.949967403348028
 20
-26.061275605113973
 30
0.0
 10
12.987108679485013
 20
-26.063129644702876
 30
0.0
 10
13.026221413402613
 20
-26.063504082916968
 30
0.0
 10
13.067157849383534
 20
-26.06222324050696
 30
0.0
 10
13.109735685173558
 20
-26.05912684486236
 30
0.0
 10
13.153743541667353
 20
-26.05407436972444
 30
0.0
 10
13.198946060401871
 20
-26.0469485480947
 30
0.0
 10
13.245088745663718
 20
-26.03765815503056
 30
0.0
 10
13.29190262177841
 20
-26.0261401299139
 30
0.0
 10
13.339108744379926
 20
-26.012361089245108
 30
0.0
 10
13.386422582399321
 20
-25.996318268451773
 30
0.0
 10
13.433558272080786
 20
-25.978039922797365
 30
0.0
 10
13.480232733538507
 20
-25.95758521194617
 30
0.0
 10
13.526169632878075
 20
-25.935043589149934
 30
0.0
 10
13.57110316780903
 20
-25.91053371367367
 30
0.0
 10
13.614781651367718
 20
-25.884201903411785
 30
0.0
 10
13.65697086639373
 20
-25.856220143199703
 30
0.0
 10
13.697457162461026
 20
-25.82678366266555
 30
0.0
 10
13.736050266805325
 20
-25.796108095153325
 30
0.0
 10
13.7725857812469
 20
-25.764426225790622
 30
0.0
 10
13.80692733803376
 20
-25.73198433156037
 30
0.0
 10
13.838968388827576
 20
-25.699038108482906
 30
0.0
 10
13.86863360265444
 20
-25.665848169627147
 30
0.0
 10
13.89587985053166
 20
-25.632675081111664
 30
0.0
 10
13.920696756734971
 20
-25.59977387927322
 30
0.0
 10
13.94310679952357
 20
-25.567387977427273
 30
0.0
 10
13.963164948129192
 20
-25.535742320035848
 30
0.0
 10
13.980957829045154
 20
-25.50503556779267
 30
0.0
 10
13.996602425323532
 20
-25.47543098680881
 30
0.0
 10
14.010244332030172
 20
-25.447045549051577
 30
0.0
 10
14.022055627754723
 20
-25.41993649743157
 30
0.0
 10
14.032232493137778
 20
-25.394084234480395
 30
0.0
 10
14.040992847301895
 20
-25.36936976917568
 30
0.0
 10
14.048574553506645
 20
-25.345543949458225
 30
0.0
 10
14.055235318503332
 20
-25.3221840533199
 30
0.0
 10
14.061256606222893
 20
-25.298630545489136
 30
0.0
 10
14.066956435959945
 20
-25.2738921241382
 30
0.0
 10
14.072721495452813
 20
-25.2464992418958
 30
0.0
 10
14.079081494310083
 20
-25.214273170044
 30
0.0
 10
14.086877668148647
 20
-25.17395813067737
 30
0.0
 10
14.097645563364551
 20
-25.12064535969015
 30
0.0
 10
14.114488098705143
 20
-25.046953904286536
 30
0.0
 10
14.144016908399225
 20
-24.942277032174193
 30
0.0
 10
14.200139868458136
 20
-24.79394390479218
 30
0.0
 10
14.308329768531761
 20
-24.59617179645189
 30
0.0
 10
14.498883698428337
 20
-24.372105669114326
 30
0.0
 10
14.77228888280558
 20
-24.183178391572973
 30
0.0
 10
15.071387186923461
 20
-24.080489153027003
 30
0.0
 10
15.326437969066202
 20
-24.05517713519827
 30
0.0
 10
15.511571134466262
 20
-24.067596498867896
 30
0.0
 10
15.63749750788467
 20
-24.089735821730876
 30
0.0
 10
15.723068433599442
 20
-24.110517178532007
 30
0.0
 10
15.783063516888163
 20
-24.127324796840607
 30
0.0
 10
15.82718249939297
 20
-24.140395132925352
 30
0.0
 10
15.861568733649216
 20
-24.150614591991257
 30
0.0
 10
15.890157312558562
 20
-24.15882672707212
 30
0.0
 10
15.915533241724864
 20
-24.165665036649845
 30
0.0
 10
15.939439266620916
 20
-24.171547991713343
 30
0.0
 10
15.963074651033342
 20
-24.176715742293055
 30
0.0
 10
15.987274075131115
 20
-24.18127126992592
 30
0.0
 10
16.012617621459253
 20
-24.18521600247141
 30
0.0
 10
16.039500469085997
 20
-24.188478393530954
 30
0.0
 10
16.06817851190109
 20
-24.1909363340308
 30
0.0
 10
16.098799264471612
 20
-24.192434692651464
 30
0.0
 10
16.131423586161624
 20
-24.192799143478208
 30
0.0
 10
16.166041566966726
 20
-24.191847181968456
 30
0.0
 10
16.202584640641692
 20
-24.18939699227265
 30
0.0
 10
16.24093522585212
 20
-24.1852746420475
 30
0.0
 10
16.280934727392307
 20
-24.179319943318315
 30
0.0
 10
16.322390435800003
 20
-24.17139121957672
 30
0.0
 10
16.36508167572678
 20
-24.16136914993993
 30
0.0
 10
16.40876543073854
 20
-24.149159812671936
 30
0.0
 10
16.45318159070741
 20
-24.13469701660351
 30
0.0
 10
16.498057912913644
 20
-24.117943985651813
 30
0.0
 10
16.543114750308156
 20
-24.098894445650284
 30
0.0
 10
16.58806957432373
 20
-24.07757315188844
 30
0.0
 10
16.63264130147479
 20
-24.054035888581733
 30
0.0
 10
16.676554420327815
 20
-24.028368966828314
 30
0.0
 10
16.71954290664171
 20
-24.000688244644497
 30
0.0
 10
16.761353908485464
 20
-23.971137690779845
 30
0.0
 10
16.801751179165567
 20
-23.93988751269947
 30
0.0
 10
16.840518233314473
 20
-23.90713186796503
 30
0.0
 10
16.877461200085932
 20
-23.873086176858074
 30
0.0
 10
16.912411346781955
 20
-23.83798405207398
 30
0.0
 10
16.945227246134706
 20
-23.80207385822446
 30
0.0
 10
16.9757965606707
 20
-23.765614909183743
 30
0.0
 10
17.004037417890306
 20
-23.728873304281773
 30
0.0
 10
17.02989935019146
 20
-23.6921173940252
 30
0.0
 10
17.053363773353137
 20
-23.655612851027776
 30
0.0
 10
17.074443976751706
 20
-23.619617300161117
 30
0.0
 10
17.093184597107534
 20
-23.58437443060535
 30
0.0
 10
17.109660545306507
 20
-23.55010746696997
 30
0.0
 10
17.123975352716123
 20
-23.517011809993534
 30
0.0
 10
17.136258899836683
 20
-23.485246558557385
 30
0.0
 10
17.146664487437043
 20
-23.454924476365058
 30
0.0
 10
17.155365211924988
 20
-23.426099740159014
 30
0.0
 10
17.162549620580137
 20
-23.39875245456594
 30
0.0
 10
17.16841666653462
 20
-23.372768361866378
 30
0.0
 10
17.173170098856982
 20
-23.347911276060465
 30
0.0
 10
17.177012702298672
 20
-23.323784289607595
 30
0.0
 10
17.180141455700632
 20
-23.299773312599118
 30
0.0
 10
17.18274619583014
 20
-23.27496224988073
 30
0.0
 10
17.18501790083551
 20
-23.248001775395483
 30
0.0
 10
17.18718104538445
 20
-23.216901066665482
 30
0.0
 10
17.189584749630203
 20
-23.178691315498295
 30
0.0
 10
17.192937754790346
 20
-23.128882137388395
 30
0.0
 10
17.198896343486034
 20
-23.060624374219042
 30
0.0
 10
17.211497167406197
 20
-22.96366274174505
 30
0.0
 10
17.240372898685703
 20
-22.824161807354834
 30
0.0
 10
17.30612605477811
 20
-22.629914955446953
 30
0.0
 10
17.441207538038565
 20
-22.389173888237792
 30
0.0
 10
17.665957759281028
 20
-22.15241035696303
 30
0.0
 10
17.946796763645303
 20
-21.98597993511077
 30
0.0
 10
18.2115604074913
 20
-21.907855153778314
 30
0.0
 10
18.41556853897387
 20
-21.886974557494387
 30
0.0
 10
18.55799734837941
 20
-21.88986467929361
 30
0.0
 10
18.655331897396284
 20
-21.89915577735342
 30
0.0
 10
18.723204206654795
 20
-21.908535364126998
 30
0.0
 10
18.77251067851682
 20
-21.9163500106393
 30
0.0
 10
18.810297305960923
 20
-21.922509041793404
 30
0.0
 10
18.841099599935724
 20
-21.92732069054789
 30
0.0
 10
18.86788962095655
 20
-21.931105211892294
 30
0.0
 10
18.89265822773793
 20
-21.934086758884597
 30
0.0
 10
18.91676341255137
 20
-21.93637939489176
 30
0.0
 10
18.941140544787793
 20
-21.938001893100136
 30
0.0
 10
18.966432149755313
 20
-21.938898861199327
 30
0.0
 10
18.993070307546212
 20
-21.938960918911764
 30
0.0
 10
19.021330620917176
 20
-21.93804198191269
 30
0.0
 10
19.051368754144878
 20
-21.935973509974797
 30
0.0
 10
19.083246059500844
 20
-21.932576110229483
 30
0.0
 10
19.116948236140985
 20
-21.927668970698004
 30
0.0
 10
19.152399460213477
 20
-21.92107754189713
 30
0.0
 10
19.18947352290841
 20
-21.912639796870288
 30
0.0
 10
19.228002960488194
 20
-21.90221131924264
 30
0.0
 10
19.26778681429072
 20
-21.889669404152013
 30
0.0
 10
19.308597437537024
 20
-21.874916308069867
 30
0.0
 10
19.350186621713373
 20
-21.85788174788525
 30
0.0
 10
19.3922912197949
 20
-21.838524724155747
 30
0.0
 10
19.434638379284475
 20
-21.816834725549924
 30
0.0
 10
19.476950454172787
 20
-21.792832359181574
 30
0.0
 10
19.51894963468644
 20
-21.766569443223524
 30
0.0
 10
19.56036231270519
 20
-21.738128592741575
 30
0.0
 10
19.60092318613429
 20
-21.707622326237395
 30
0.0
 10
19.640379095406526
 20
-21.675191718288087
 30
0.0
 10
19.678492578369507
 20
-21.641004622399265
 30
0.0
 10
19.71504512517981
 20
-21.605253487342303
 30
0.0
 10
19.74984011183712
 20
-21.568152789461912
 30
0.0
 10
19.78270538916489
 20
-21.529936102381946
 30
0.0
 10
19.81349550300291
 20
-21.490852823863015
 30
0.0
 10
19.84209352080281
 20
-21.45116457688501
 30
0.0
 10
19.86841243942108
 20
-21.411141297864095
 30
0.0
 10
19.892396148395413
 20
-21.371057018647274
 30
0.0
 10
19.914019922051185
 20
-21.33118533970924
 30
0.0
 10
19.933290412058145
 20
-21.291794578594747
 30
0.0
 10
19.95024510909453
 20
-21.253142558360846
 30
0.0
 10
19.96495123753475
 20
-21.215470972958588
 30
0.0
 10
19.977504039871846
 20
-21.17899922621067
 30
0.0
 10
19.98802439708019
 20
-21.143917582187484
 30
0.0
 10
19.996655716347828
 20
-21.110379377801493
 30
0.0
 10
20.003559997596348
 20
-21.078491918031524
 30
0.0
 10
20.008912964415064
 20
-21.048305475498825
 30
0.0
 10
20.012898114486507
 20
-21.01979950787607
 30
0.0
 10
20.01569951474343
 20
-20.99286471906028
 30
0.0
 10
20.017493154477425
 20
-20.967278802781088
 30
0.0
 10
20.018436721884942
 20
-20.94267240850589
 30
0.0
 10
20.018657905415367
 20
-20.91847967984165
 30
0.0
 10
20.01824203930494
 20
-20.89386394824599
 30
0.0
 10
20.01722185588355
 20
-20.86760257957031
 30
0.0
 10
20.015577173454062
 20
-20.83790340405402
 30
0.0
 10
20.013265594525198
 20
-20.802105260906906
 30
0.0
 10
20.010340356246772
 20
-20.7561840100132
 30
0.0
 10
20.0073043019866
 20
-20.69395308179777
 30
0.0
 10
20.006085299497766
 20
-20.605903310922866
 30
0.0
 10
20.012522309904593
 20
-20.478207711796827
 30
0.0
 10
20.041610330482676
 20
-20.294952652974747
 30
0.0
 10
20.123041861426238
 20
-20.051928980287634
 30
0.0
 10
20.289712100342502
 20
-19.783180200385342
 30
0.0
 10
20.53474095356617
 20
-19.558670129049123
 30
0.0
 10
20.795591513731676
 20
-19.42275318794015
 30
0.0
 10
21.01247958001272
 20
-19.361284268800585
 30
0.0
 10
21.169582219687328
 20
-19.339575654566605
 30
0.0
 10
21.278205402381335
 20
-19.334079989128412
 30
0.0
 10
21.35379707583777
 20
-19.334057622793953
 30
0.0
 10
21.408169266449164
 20
-19.33542290878443
 30
0.0
 10
21.449208335492234
 20
-19.33679314151327
 30
0.0
 10
21.482041665326225
 20
-19.337763576712142
 30
0.0
 10
21.510030597242118
 20
-19.338238549037463
 30
0.0
 10
21.53541710615692
 20
-19.33818644255577
 30
0.0
 10
21.559719940937903
 20
-19.337557269651075
 30
0.0
 10
21.583976315356765
 20
-19.336261569845192
 30
0.0
 10
21.608891860375554
 20
-19.33417169650002
 30
0.0
 10
21.634936044626198
 20
-19.331130468606673
 30
0.0
 10
21.66240470296015
 20
-19.326961428182976
 30
0.0
 10
21.691462334613067
 20
-19.321478597787237
 30
0.0
 10
21.72217170000351
 20
-19.314495076284047
 30
0.0
 10
21.754515282508248
 20
-19.305830361707375
 30
0.0
 10
21.78841144084183
 20
-19.295316480652165
 30
0.0
 10
21.823727033493213
 20
-19.282803052948275
 30
0.0
 10
21.86028765681532
 20
-19.26816141784624
 30
0.0
 10
21.897886237978227
 20
-19.251287929456023
 30
0.0
 10
21.936290468429714
 20
-19.232106508536962
 30
0.0
 10
21.975249397310513
 20
-19.21057051974845
 30
0.0
 10
22.01449939433734
 20
-19.186664029323452
 30
0.0
 10
22.053769617836156
 20
-19.160402487667593
 30
0.0
 10
22.092787073384123
 20
-19.13183287401264
 30
0.0
 10
22.131281313996695
 20
-19.101033335302127
 30
0.0
 10
22.168988808919227
 20
-19.068112348346105
 30
0.0
 10
22.20565699151241
 20
-19.033207432440328
 30
0.0
 10
22.241047985270264
 20
-18.996483438669433
 30
0.0
 10
22.274941999154986
 20
-18.95813044165435
 30
0.0
 10
22.307140378148976
 20
-18.91836125924668
 30
0.0
 10
22.337468291448943
 20
-18.87740862534784
 30
0.0
 10
22.36577703850647
 20
-18.835522040363685
 30
0.0
 10
22.39194595171322
 20
-18.7929643225123
 30
0.0
 10
22.41588387355401
 20
-18.750007880960904
 30
0.0
 10
22.437530185168633
 20
-18.706930728165524
 30
0.0
 10
22.456855362101727
 20
-18.66401224330216
 30
0.0
 10
22.473861031191753
 20
-18.62152869057129
 30
0.0
 10
22.48857949955775
 20
-18.579748484406643
 30
0.0
 10
22.501072721884658
 20
-18.53892717670536
 30
0.0
 10
22.51143066486857
 20
-18.499302116891688
 30
0.0
 10
22.51976901668324
 20
-18.461086700532526
 30
0.0
 10
22.52622617319203
 20
-18.42446407111163
 30
0.0
 10
22.530959409352743
 20
-18.389580064234643
 30
0.0
 10
22.5341401111533
 20
-18.356535070870805
 30
0.0
 10
22.535947896984823
 20
-18.325374324908644
 30
0.0
 10
22.536563393426864
 20
-18.2960758549293
 30
0.0
 10
22.53615934502516
 20
-18.268534920770257
 30
0.0
 10
22.534889630142235
 20
-18.2425430785943
 30
0.0
 10
22.53287563726436
 20
-18.2177589008499
 30
0.0
 10
22.530189377959775
 20
-18.193665489993613
 30
0.0
 10
22.52683282810492
 20
-18.169506663094015
 30
0.0
 10
22.522713731154624
 20
-18.14418793466016
 30
0.0
 10
22.517620661936764
 20
-18.11611815986069
 30
0.0
 10
22.511207928429137
 20
-18.082949431680206
 30
0.0
 10
22.503023629075074
 20
-18.041141729271356
 30
0.0
 10
22.492679485841197
 20
-17.985234852216433
 30
0.0
 10
22.480443395077256
 20
-17.906696776194487
 30
0.0
 10
22.4689969316751
 20
-17.792503405316996
 30
0.0
 10
22.467873629451574
 20
-17.6252779687181
 30
0.0
 10
22.50098086849607
 20
-17.39185532996164
 30
0.0
 10
22.60592367297911
 20
-17.108375709920786
 30
0.0
 10
22.800041978659205
 20
-16.837161233514404
 30
0.0
 10
23.041092329880716
 20
-16.642746931067844
 30
0.0
 10
23.262049712332974
 20
-16.534425807621126
 30
0.0
 10
23.430443893826418
 20
-16.482489010445633
 30
0.0
 10
23.549175302326585
 20
-16.458517430230334
 30
0.0
 10
23.631994073047824
 20
-16.446853168764733
 30
0.0
 10
23.69113590678503
 20
-16.440419587634448
 30
0.0
 10
23.735182749158238
 20
-16.436186966640207
 30
0.0
 10
23.769810489855598
 20
-16.43283249952727
 30
0.0
 10
23.798755308562182
 20
-16.429725800812918
 30
0.0
 10
23.824504329799872
 20
-16.426508758524488
 30
0.0
 10
23.848733813490934
 20
-16.422923951434132
 30
0.0
 10
23.87258067874512
 20
-16.41874640749622
 30
0.0
 10
23.896812184932383
 20
-16.41375877416988
 30
0.0
 10
23.92193425242324
 20
-16.40774480273421
 30
0.0
 10
23.948262511138747
 20
-16.40049038584581
 30
0.0
 10
23.97597033034843
 20
-16.391787454962618
 30
0.0
 10
24.005122354669865
 20
-16.381438683997136
 30
0.0
 10
24.03569873212853
 20
-16.369262112016152
 30
0.0
 10
24.067613248060013
 20
-16.355095316548926
 30
0.0
 10
24.10072739266503
 20
-16.3387989995106
 30
0.0
 10
24.13486166259666
 20
-16.320259948715076
 30
0.0
 10
24.16980494185223
 20
-16.29939338053959
 30
0.0
 10
24.205322516988552
 20
-16.276144685787308
 30
0.0
 10
24.241163093198015
 20
-16.250490605970835
 30
0.0
 10
24.277065053332322
 20
-16.222439867896885
 30
0.0
 10
24.31276211856805
 20
-16.192033303626886
 30
0.0
 10
24.347988512815505
 20
-16.159343481932755
 30
0.0
 10
24.38248369418552
 20
-16.124473876741806
 30
0.0
 10
24.415996690064055
 20
-16.087557597887034
 30
0.0
 10
24.448290053829986
 20
-16.048755709680716
 30
0.0
 10
24.479143448465184
 20
-16.008255163285998
 30
0.0
 10
24.5083568535502
 20
-15.966266369408954
 30
0.0
 10
24.535753386215003
 20
-15.923020438312056
 30
0.0
 10
24.561181722686662
 20
-15.87876611437318
 30
0.0
 10
24.584518104494563
 20
-15.833766432202687
 30
0.0
 10
24.605667911670892
 20
-15.78829512046091
 30
0.0
 10
24.62456678398464
 20
-15.742632777735343
 30
0.0
 10
24.641181269973718
 20
-15.697062841810958
 30
0.0
 10
24.65550898188438
 20
-15.651867368953365
 30
0.0
 10
24.667578232113808
 20
-15.607322632826259
 30
0.0
 10
24.677447122819803
 20
-15.563694542495828
 30
0.0
 10
24.685202054262696
 20
-15.521233864394347
 30
0.0
 10
24.690955608192233
 20
-15.480171212211685
 30
0.0
 10
24.694843748811923
 20
-15.44071173863172
 30
0.0
 10
24.69702226361759
 20
-15.403029419197562
 30
0.0
 10
24.69766233697226
 20
-15.367260754495607
 30
0.0
 10
24.69694510672593
 20
-15.333497621236061
 30
0.0
 10
24.695054992910123
 20
-15.301778857737226
 30
0.0
 10
24.69217149964322
 20
-15.272079944992063
 30
0.0
 10
24.688459066123883
 20
-15.244299790437617
 30
0.0
 10
24.68405436653223
 20
-15.218243050377197
 30
0.0
 10
24.679050218637737
 20
-15.193595483973702
 30
0.0
 10
24.673474955735838
 20
-15.169888236581246
 30
0.0
 10
24.667265793543645
 20
-15.14644418513187
 30
0.0
 10
24.660234584554185
 20
-15.122294574234513
 30
0.0
 10
24.65202506363795
 20
-15.096045314746563
 30
0.0
 10
24.642064354477913
 20
-15.065656191192948
 30
0.0
 10
24.62952469241593
 20
-15.02806734046586
 30
0.0
 10
24.613354028856897
 20
-14.978560137501375
 30
0.0
 10
24.5925654507668
 20
-14.909689024431916
 30
0.0
 10
24.56735131875229
 20
-14.809715739932635
 30
0.0
 10
24.54245153277904
 20
-14.661456624366567
 30
0.0
 10
24.53471020314509
 20
-14.446418013004939
 30
0.0
 10
24.579774252675463
 20
-14.164642790293238
 30
0.0
 10
24.712424968861107
 20
-13.862520720457475
 30
0.0
 10
24.917182375348524
 20
-13.614199682701324
 30
0.0
 10
25.13063933501425
 20
-13.454929241565864
 30
0.0
 10
25.30503662491988
 20
-13.367287792783337
 30
0.0
 10
25.431765440590077
 20
-13.320858576114837
 30
0.0
 10
25.520873633613544
 20
-13.295063137107647
 30
0.0
 10
25.584259168830883
 20
-13.279326403261184
 30
0.0
 10
25.630942901274015
 20
-13.268589982768434
 30
0.0
 10
25.667058202740908
 20
-13.260382418270542
 30
0.0
 10
25.696679095795336
 20
-13.253403695900275
 30
0.0
 10
25.72251999035184
 20
-13.246889068657278
 30
0.0
 10
25.74640456273165
 20
-13.240324827638378
 30
0.0
 10
25.769563099223895
 20
-13.233319970296643
 30
0.0
 10
25.792820322074085
 20
-13.225548010125447
 30
0.0
 10
25.8167158947838
 20
-13.21672111233957
 30
0.0
 10
25.841583615345073
 20
-13.206579413331825
 30
0.0
 10
25.867604949739547
 20
-13.194887513338454
 30
0.0
 10
25.894846350017882
 20
-13.181434301020264
 30
0.0
 10
25.92328612941243
 20
-13.166034225902461
 30
0.0
 10
25.952834480962842
 20
-13.14852907558754
 30
0.0
 10
25.983348905832187
 20
-13.128789778067917
 30
0.0
 10
26.014646505978106
 20
-13.106717983296333
 30
0.0
 10
26.046514087788875
 20
-13.082247298960377
 30
0.0
 10
26.078716699373295
 20
-13.05534411926497
 30
0.0
 10
26.11100501404249
 20
-13.026008020158459
 30
0.0
 10
26.143121833970955
 20
-12.994271713837184
 30
0.0
 10
26.1748078953453
 20
-12.96020056673565
 30
0.0
 10
26.205807093555517
 20
-12.92389169230345
 30
0.0
 10
26.235871204067287
 20
-12.885472634657342
 30
0.0
 10
26.26476414507978
 20
-12.845099662695805
 30
0.0
 10
26.2922658076814
 20
-12.80295569700106
 30
0.0
 10
26.31817546516725
 20
-12.759247894063892
 30
0.0
 10
26.342314763560385
 20
-12.71420491415433
 30
0.0
 10
26.364530288868227
 20
-12.668073900516463
 30
0.0
 10
26.3846957022536
 20
-12.621117198449051
 30
0.0
 10
26.402713431407268
 20
-12.57360884313371
 30
0.0
 10
26.41851590441721
 20
-12.525830844670972
 30
0.0
 10
26.432066310870542
 20
-12.4780692974776
 30
0.0
 10
26.44335887335901
 20
-12.43061033874768
 30
0.0
 10
26.452418610533183
 20
-12.383735976730275
 30
0.0
 10
26.459300569853003
 20
-12.33771980363693
 30
0.0
 10
26.46408850357868
 20
-12.292822599360129
 30
0.0
 10
26.466892954517505
 20
-12.249287819816683
 30
0.0
 10
26.46784870746576
 20
-12.207336946084636
 30
0.0
 10
26.46711154660824
 20
-12.167164645226876
 30
0.0
 10
26.464854236121585
 20
-12.128933657158283
 30
0.0
 10
26.461261607648638
 20
-12.092769268426746
 30
0.0
 10
26.45652458941675
 20
-12.058753154228185
 30
0.0
 10
26.450832940556598
 20
-12.026916249559276
 30
0.0
 10
26.444366350225426
 20
-11.997230124512576
 30
0.0
 10
26.437283409104364
 20
-11.969596045656878
 30
0.0
 10
26.429707738508924
 20
-11.943830432920015
 30
0.0
 10
26.42171023919636
 20
-11.919644641132424
 30
0.0
 10
26.413285961072056
 20
-11.896615674206199
 30
0.0
 10
26.404323467743122
 20
-11.874142144172579
 30
0.0
 10
26.394563810729654
 20
-11.85137569620859
 30
0.0
 10
26.383545617177884
 20
-11.827110667660195
 30
0.0
 10
26.370533477292934
 20
-11.799600958703637
 30
0.0
 10
26.354432887456163
 20
-11.766247546255414
 30
0.0
 10
26.333720127915363
 20
-11.72305468582653
 30
0.0
 10
26.306503367074423
 20
-11.663686185792752
 30
0.0
 10
26.271113003782105
 20
-11.577935401985638
 30
0.0
 10
26.22839870290787
 20
-11.449906681057735
 30
0.0
 10
26.188184615007216
 20
-11.25891383981634
 30
0.0
 10
26.17961902262612
 20
-10.992722972812237
 30
0.0
 10
26.246100072903094
 20
-10.677811551523975
 30
0.0
 10
26.399602249898106
 20
-10.385731015979077
 30
0.0
 10
26.59180601468085
 20
-10.174814545551543
 30
0.0
 10
26.764756611069224
 20
-10.046792579585674
 30
0.0
 10
26.89619501780441
 20
-9.973821969578239
 30
0.0
 10
26.990078033205485
 20
-9.931202848446661
 30
0.0
 10
27.056885104070076
 20
-9.904515576631788
 30
0.0
 10
27.105673637775045
 20
-9.88629107432772
 30
0.0
 10
27.142880136077615
 20
-9.872658711815372
 30
0.0
 10
27.172849710177022
 20
-9.861498999201277
 30
0.0
 10
27.1984907602056
 20
-9.851551315512504
 30
0.0
 10
27.22175557339416
 20
-9.841991499946902
 30
0.0
 10
27.243956220198797
 20
-9.832228891435582
 30
0.0
 10
27.265967412134902
 20
-9.821806580515984
 30
0.0
 10
27.288357690694575
 20
-9.810351474589606
 30
0.0
 10
27.311475955679978
 20
-9.797549095703815
 30
0.0
 10
27.33551001953783
 20
-9.783130950047047
 30
0.0
 10
27.360527393162727
 20
-9.766868386639693
 30
0.0
 10
27.38650458773957
 20
-9.748569811557264
 30
0.0
 10
27.413348854012835
 20
-9.72807959547788
 30
0.0
 10
27.44091484295357
 20
-9.705277768310337
 30
0.0
 10
27.46901778485509
 20
-9.680079994972676
 30
0.0
 10
27.49744422755694
 20
-9.652437544864105
 30
0.0
 10
27.52596101958747
 20
-9.622337090392765
 30
0.0
 10
27.55432299382541
 20
-9.58980024107004
 30
0.0
 10
27.582279655654844
 20
-9.554882762223462
 30
0.0
 10
27.60958107830311
 20
-9.51767345372257
 30
0.0
 10
27.635983139587943
 20
-9.478292681062195
 30
0.0
 10
27.661252187570362
 20
-9.436890562530685
 30
0.0
 10
27.685169190522213
 20
-9.393644824154304
 30
0.0
 10
27.707533404505313
 20
-9.348758339907572
 30
0.0
 10
27.728165576657762
 20
-9.302456379003086
 30
0.0
 10
27.746910691880192
 20
-9.254983585338705
 30
0.0
 10
27.763640263577603
 20
-9.20660071658008
 30
0.0
 10
27.778254164393463
 20
-9.157581171999881
 30
0.0
 10
27.790681989714248
 20
-9.10820733908619
 30
0.0
 10
27.80088394451738
 20
-9.058766789029765
 30
0.0
 10
27.808851242381596
 20
-9.009548350391523
 30
0.0
 10
27.81460600370364
 20
-8.96083808837163
 30
0.0
 10
27.818200637890822
 20
-8.912915213884263
 30
0.0
 10
27.819716690980062
 20
-8.86604794171937
 30
0.0
 10
27.81926313510225
 20
-8.820489309880312
 30
0.0
 10
27.816974068597172
 20
-8.776472961908322
 30
0.0
 10
27.813005784196548
 20
-8.734208879401251
 30
0.0
 10
27.807533145867854
 20
-8.693879031121362
 30
0.0
 10
27.800745190238615
 20
-8.655632875150609
 30
0.0
 10
27.792839832488962
 20
-8.619582606902153
 30
0.0
 10
27.784017503976372
 20
-8.585797981100358
 30
0.0
 10
27.774473471776385
 20
-8.554300438131609
 30
0.0
 10
27.764388476854098
 20
-8.525056114580686
 30
0.0
 10
27.753917159499323
 20
-8.49796708056007
 30
0.0
 10
27.743173490199844
 20
-8.4728597640694
 30
0.0
 10
27.732212049520715
 20
-8.449468890941496
 30
0.0
 10
27.721003441286847
 20
-8.427414198022332
 30
0.0
 10
27.7094012993646
 20
-8.406165311966328
 30
0.0
 10
27.69709717842076
 20
-8.384986848150252
 30
0.0
 10
27.683558111212694
 20
-8.362849659644864
 30
0.0
 10
27.66794022679395
 20
-8.338282694159908
 30
0.0
 10
27.648972811603514
 20
-8.309118160280391
 30
0.0
 10
27.624819250926414
 20
-8.272041956184658
 30
0.0
 10
27.592974897000715
 20
-8.221791736413861
 30
0.0
 10
27.55045772488707
 20
-8.149768866054693
 30
0.0
 10
27.495171638623713
 20
-8.041994877132737
 30
0.0
 10
27.430785406900586
 20
-7.877956941196648
 30
0.0
 10
27.377709596823134
 20
-7.637668387516804
 30
0.0
 10
27.37941638339687
 20
-7.3279922991609245
 30
0.0
 10
27.470429615606832
 20
-7.007125036301023
 30
0.0
 10
27.626632138819247
 20
-6.748330795767473
 30
0.0
 10
27.788487280607814
 20
-6.5769098791973
 30
0.0
 10
27.91992975909113
 20
-6.4735247579092166
 30
0.0
 10
28.01634648473081
 20
-6.411275561177965
 30
0.0
 10
28.085379102943186
 20
-6.37187443270225
 30
0.0
 10
28.135538327326486
 20
-6.345104441844122
 30
0.0
 10
28.17332773246202
 20
-6.325436508650057
 30
0.0
 10
28.203258362330956
 20
-6.309769821833799
 30
0.0
 10
28.228379672692483
 20
-6.296250525362776
 30
0.0
 10
28.250742866619493
 20
-6.28368499606332
 30
0.0
 10
28.27172377267304
 20
-6.27124647021555
 30
0.0
 10
28.292235615082067
 20
-6.2583246763490505
 30
0.0
 10
28.312868369530108
 20
-6.244446597315378
 30
0.0
 10
28.333981264311365
 20
-6.229233651856321
 30
0.0
 10
28.355765553751404
 20
-6.212378058035454
 30
0.0
 10
28.37828826421473
 20
-6.193629546297491
 30
0.0
 10
28.4015235803952
 20
-6.172787755095156
 30
0.0
 10
28.425376061409626
 20
-6.149697765926266
 30
0.0
 10
28.449698351744676
 20
-6.124247350346103
 30
0.0
 10
28.474305105164465
 20
-6.096365106139133
 30
0.0
 10
28.49898424346892
 20
-6.066018997804796
 30
0.0
 10
28.523506290907232
 20
-6.033215011194504
 30
0.0
 10
28.54763227771041
 20
-5.9979957476115615
 30
0.0
 10
28.571120543308755
 20
-5.9604388532061385
 30
0.0
 10
28.59373266106944
 20
-5.9206552238566506
 30
0.0
 10
28.615238632978553
 20
-5.87878695450256
 30
0.0
 10
28.635421452669465
 20
-5.835005021141946
 30
0.0
 10
28.65408110090375
 20
-5.7895066969904585
 30
0.0
 10
28.6710380140318
 20
-5.742512713712793
 30
0.0
 10
28.68613604977173
 20
-5.694264185461613
 30
0.0
 10
28.699244963589628
 20
-5.645019318451036
 30
0.0
 10
28.710262401488837
 20
-5.595049932409592
 30
0.0
 10
28.719115410001038
 20
-5.544637822777715
 30
0.0
 10
28.725761460807426
 20
-5.4940709940623185
 30
0.0
 10
28.730188985055896
 20
-5.443639795404079
 30
0.0
 10
28.732417410554216
 20
-5.393632989114478
 30
0.0
 10
28.73249669311133
 20
-5.3443337816218515
 30
0.0
 10
28.73050633088012
 20
-5.296015843751783
 30
0.0
 10
28.726553847056564
 20
-5.248939343293304
 30
0.0
 10
28.72077272103696
 20
-5.203347006952772
 30
0.0
 10
28.713319740229363
 20
-5.15946022044793
 30
0.0
 10
28.704371732947617
 20
-5.117475163692803
 30
0.0
 10
28.694121625470753
 20
-5.077558961310469
 30
0.0
 10
28.68277374095732
 20
-5.039845804809907
 30
0.0
 10
28.67053822082513
 20
-5.004432968093345
 30
0.0
 10
28.657624394993835
 20
-4.971376586757614
 30
0.0
 10
28.644232847789166
 20
-4.940686994524949
 30
0.0
 10
28.630545808616414
 20
-4.912323291417867
 30
0.0
 10
28.61671532103103
 20
-4.886186631348535
 30
0.0
 10
28.602848379744003
 20
-4.8621114152942075
 30
0.0
 10
28.588987824178403
 20
-4.83985307753523
 30
0.0
 10
28.575087164727016
 20
-4.819070305318809
 30
0.0
 10
28.5609765815469
 20
-4.799298052532359
 30
0.0
 10
28.546315919089476
 20
-4.7799050482976915
 30
0.0
 10
28.53052842816414
 20
-4.76002458853817
 30
0.0
 10
28.512706266232385
 20
-4.738438100806723
 30
0.0
 10
28.491476303129712
 20
-4.713373026318068
 30
0.0
 10
28.464817571017832
 20
-4.682141716261648
 30
0.0
 10
28.429849641097
 20
-4.6404830677625615
 30
0.0
 10
28.38273649029587
 20
-4.581369172460436
 30
0.0
 10
28.319307727897446
 20
-4.4930176571492595
 30
0.0
 10
28.238328312264116
 20
-4.356654767885443
 30
0.0
 10
28.15115915096962
 20
-4.148759605280546
 30
0.0
 10
28.09478563045703
 20
-3.860075598442421
 30
0.0
 10
28.117541681212742
 20
-3.528524586986343
 30
0.0
 10
28.22374074397758
 20
-3.230654423480125
 30
0.0
 10
28.362972573176343
 20
-3.0154659073922114
 30
0.0
 10
28.488111063298266
 20
-2.8784663168270175
 30
0.0
 10
28.583934092524494
 20
-2.7938167556406572
 30
0.0
 10
28.653534211038835
 20
-2.739871675967146
 30
0.0
 10
28.704081258769953
 20
-2.703445009667705
 30
0.0
 10
28.74180779466755
 20
-2.6771006214266775
 30
0.0
 10
28.771237155882208
 20
-2.656588109429778
 30
0.0
 10
28.795482349026297
 20
-2.639356840873794
 30
0.0
 10
28.81665038778888
 20
-2.623780756838386
 30
0.0
 10
28.836155029993147
 20
-2.6087582364408237
 30
0.0
 10
28.854931761234106
 20
-2.593501388592041
 30
0.0
 10
28.873581510292514
 20
-2.5774218419959167
 30
0.0
 10
28.892467069065024
 20
-2.5600669601123904
 30
0.0
 10
28.9117788904437
 20
-2.5410831710546797
 30
0.0
 10
28.93158105294103
 20
-2.5201942751615416
 30
0.0
 10
28.951844243835588
 20
-2.4971882181045504
 30
0.0
 10
28.972470114832074
 20
-2.4719087276868645
 30
0.0
 10
28.993309799346555
 20
-2.4442497621408865
 30
0.0
 10
29.01417839766927
 20
-2.414151568387712
 30
0.0
 10
29.03486661325551
 20
-2.3815976301740163
 30
0.0
 10
29.055150323610142
 20
-2.346612066656124
 30
0.0
 10
29.074798609194215
 20
-2.3092572103002693
 30
0.0
 10
29.093580592355725
 20
-2.2696311966879517
 30
0.0
 10
29.111271323856293
 20
-2.2278654644731803
 30
0.0
 10
29.127656877343775
 20
-2.184122106424248
 30
0.0
 10
29.142538759559493
 20
-2.1385910409573707
 30
0.0
 10
29.155737708079265
 20
-2.0914869930608875
 30
0.0
 10
29.167096923687364
 20
-2.0430462871337363
 30
0.0
 10
29.176484767552957
 20
-1.9935234639836539
 30
0.0
 10
29.18379694184075
 20
-1.9431877412126901
 30
0.0
 10
29.188958164594073
 20
-1.8923193412390726
 30
0.0
 10
29.191923344513373
 20
-1.8412057147102765
 30
0.0
 10
29.192678257749407
 20
-1.790137689347367
 30
0.0
 10
29.191239726377404
 20
-1.7394055754859816
 30
0.0
 10
29.187655296260022
 20
-1.6892952598058815
 30
0.0
 10
29.182002410040724
 20
-1.6400843179755646
 30
0.0
 10
29.174387068532912
 20
-1.5920381750881973
 30
0.0
 10
29.164941970218173
 20
-1.5454063396730588
 30
0.0
 10
29.15382411326161
 20
-1.5004187324466223
 30
0.0
 10
29.14121183650236
 20
-1.4572821243730951
 30
0.0
 10
29.127301264081673
 20
-1.4161766893469272
 30
0.0
 10
29.112302101025488
 20
-1.3772526637954723
 30
0.0
 10
29.096432701746597
 20
-1.3406270870440187
 30
0.0
 10
29.079914296445907
 20
-1.3063805696712172
 30
0.0
 10
29.062964206324228
 20
-1.2745539979623042
 30
0.0
 10
29.045787799063273
 20
-1.2451450237831596
 30
0.0
 10
29.028568818342414
 20
-1.2181040987855727
 30
0.0
 10
29.011457545090035
 20
-1.1933296693948872
 30
0.0
 10
28.994555981781087
 20
-1.1706619188495697
 30
0.0
 10
28.977898843388612
 20
-1.1498740608045415
 30
0.0
 10
28.96142850770697
 20
-1.1306595382612143
 30
0.0
 10
28.944961094225555
 20
-1.1126123399129542
 30
0.0
 10
28.928139302144242
 20
-1.0951955827049378
 30
0.0
 10
28.910365261769996
 20
-1.0776896702898529
 30
0.0
 10
28.890703096121335
 20
-1.0591039989029662
 30
0.0
 10
28.867736294578876
 20
-1.038021809669747
 30
0.0
 10
28.83936132599326
 20
-1.0123191278315533
 30
0.0
 10
28.802509886104815
 20
-0.9786421282459944
 30
0.0
 10
28.752856621758376
 20
-0.9314254967788124
 30
0.0
 10
28.684920493196763
 20
-0.861119186913957
 30
0.0
 10
28.593756774273956
 20
-0.7515658211782122
 30
0.0
 10
28.483556608366868
 20
-0.5790470024658926
 30
0.0
 10
28.375534507299964
 20
-0.3233364458608819
 30
0.0
 10
28.359085112958258
 20
-0.11504228765566632
 30
0.0
 10
28.350000000000005
 20
1.5598312042026415e-17
 30
0.0
  0
CIRCLE
  5
30
330
17
100
AcDbEntity
  8
0
100
AcDbCircle
 10
20.0
 20
0.0
 30
0.0
 40
4.45
  0
CIRCLE
  5
31
330
17
100
AcDbEntity
  8
0
100
AcDbCircle
 10
10.000000000000002
 20
17.32050807568877
 30
0.0
 40
4.45
  0
CIRCLE
  5
32
330
17
100
AcDbEntity
  8
0
100
AcDbCircle
 10
-9.999999999999995
 20
17.320508075688775
 30
0.0
 40
4.45
  0
CIRCLE
  5
33
330
17
100
AcDbEntity
  8
0
100
AcDbCircle
 10
-20.0
 20
2.4492935982947065e-15
 30
0.0
 40
4.45
  0
CIRCLE
  5
34
330
17
100
AcDbEntity
  8
0
100
AcDbCircle
 10
-10.000000000000007
 20
-17.320508075688764
 30
0.0
 40
4.45
  0
CIRCLE
  5
35
330
17
100
AcDbEntity
  8
0
100
AcDbCircle
 10
10.0
 20
-17.32050807568877
 30
0.0
 40
4.45
  0
ENDSEC
  0
SECTION
  2
OBJECTS
  0
DICTIONARY
  5
A
330
0
100
AcDbDictionary
280
0
281
1
  3
ACAD_COLOR
350
B
  3
ACAD_GROUP
350
C
  3
ACAD_LAYOUT
350
D
  3
ACAD_MATERIAL
350
E
  3
ACAD_MLEADERSTYLE
350
F
  3
ACAD_MLINESTYLE
350
10
  3
ACAD_PLOTSETTINGS
350
11
  3
ACAD_PLOTSTYLENAME
350
12
  3
ACAD_SCALELIST
350
14
  3
ACAD_TABLESTYLE
350
15
  3
ACAD_VISUALSTYLE
350
16
  3
EZDXF_META
350
2D
  0
DICTIONARY
  5
B
330
A
100
AcDbDictionary
280
0
281
1
  0
DICTIONARY
  5
C
330
A
100
AcDbDictionary
280
0
281
1
  0
DICTIONARY
  5
D
330
A
100
AcDbDictionary
280
0
281
1
  3
Model
350
1A
  3
Layout1
350
1E
  0
DICTIONARY
  5
E
330
A
100
AcDbDictionary
280
0
281
1
  3
ByBlock
350
1F
  3
ByLayer
350
20
  3
Global
350
21
  0
DICTIONARY
  5
F
330
A
100
AcDbDictionary
280
0
281
1
  3
Standard
350
2C
  0
DICTIONARY
  5
10
330
A
100
AcDbDictionary
280
0
281
1
  3
Standard
350
22
  0
DICTIONARY
  5
11
330
A
100
AcDbDictionary
280
0
281
1
  0
ACDBDICTIONARYWDFLT
  5
12
330
A
100
AcDbDictionary
280
0
281
1
  3
Normal
350
13
100
AcDbDictionaryWithDefault
340
13
  0
ACDBPLACEHOLDER
  5
13
330
12
  0
DICTIONARY
  5
14
330
A
100
AcDbDictionary
280
0
281
1
  0
DICTIONARY
  5
15
330
A
100
AcDbDictionary
280
0
281
1
  0
DICTIONARY
  5
16
330
A
100
AcDbDictionary
280
0
281
1
  0
LAYOUT
  5
1A
330
D
100
AcDbPlotSettings
  1

  2
Adobe PDF
  4
A3
  6

 40
7.5
 41
20.0
 42
7.5
 43
20.0
 44
420.0
 45
297.0
 46
0.0
 47
0.0
 48
0.0
 49
0.0
140
0.0
141
0.0
142
1.0
143
1.0
 70
1024
 72
1
 73
0
 74
5
  7

 75
16
 76
0
 77
2
 78
300
147
1.0
148
0.0
149
0.0
100
AcDbLayout
  1
Model
 70
1
 71
0
 10
0.0
 20
0.0
 11
420.0
 21
297.0
 12
0.0
 22
0.0
 32
0.0
 14
1e+20
 24
1e+20
 34
1e+20
 15
-1e+20
 25
-1e+20
 35
-1e+20
146
0.0
 13
0.0
 23
0.0
 33
0.0
 16
1.0
 26
0.0
 36
0.0
 17
0.0
 27
1.0
 37
0.0
 76
1
330
17
  0
LAYOUT
  5
1E
330
D
100
AcDbPlotSettings
  1

  2
Adobe PDF
  4
A3
  6

 40
7.5
 41
20.0
 42
7.5
 43
20.0
 44
420.0
 45
297.0
 46
0.0
 47
0.0
 48
0.0
 49
0.0
140
0.0
141
0.0
142
1.0
143
1.0
 70
0
 72
1
 73
0
 74
5
  7

 75
16
 76
0
 77
2
 78
300
147
1.0
148
0.0
149
0.0
100
AcDbLayout
  1
Layout1
 70
1
 71
1
 10
0.0
 20
0.0
 11
420.0
 21
297.0
 12
0.0
 22
0.0
 32
0.0
 14
1e+20
 24
1e+20
 34
1e+20
 15
-1e+20
 25
-1e+20
 35
-1e+20
146
0.0
 13
0.0
 23
0.0
 33
0.0
 16
1.0
 26
0.0
 36
0.0
 17
0.0
 27
1.0
 37
0.0
 76
1
330
1B
  0
MATERIAL
  5
1F
102
{ACAD_REACTORS
330
E
102
}
330
E
100
AcDbMaterial
  1
ByBlock
  2

 70
0
 40
1.0
 71
1
 41
1.0
 91
-1023410177
 42
1.0
 72
1
  3

 73
1
 74
1
 75
1
 44
0.5
 73
0
 45
1.0
 46
1.0
 77
1
  4

 78
1
 79
1
170
1
 48
1.0
171
1
  6

172
1
173
1
174
1
140
1.0
141
1.0
175
1
  7

176
1
177
1
178
1
143
1.0
179
1
  8

270
1
271
1
272
1
145
1.0
146
1.0
273
1
  9

274
1
275
1
276
1
 42
1.0
 72
1
  3

 73
1
 74
1
 75
1
 94
63
  0
MATERIAL
  5
20
102
{ACAD_REACTORS
330
E
102
}
330
E
100
AcDbMaterial
  1
ByLayer
  2

 70
0
 40
1.0
 71
1
 41
1.0
 91
-1023410177
 42
1.0
 72
1
  3

 73
1
 74
1
 75
1
 44
0.5
 73
0
 45
1.0
 46
1.0
 77
1
  4

 78
1
 79
1
170
1
 48
1.0
171
1
  6

172
1
173
1
174
1
140
1.0
141
1.0
175
1
  7

176
1
177
1
178
1
143
1.0
179
1
  8

270
1
271
1
272
1
145
1.0
146
1.0
273
1
  9

274
1
275
1
276
1
 42
1.0
 72
1
  3

 73
1
 74
1
 75
1
 94
63
  0
MATERIAL
  5
21
102
{ACAD_REACTORS
330
E
102
}
330
E
100
AcDbMaterial
  1
Global
  2

 70
0
 40
1.0
 71
1
 41
1.0
 91
-1023410177
 42
1.0
 72
1
  3

 73
1
 74
1
 75
1
 44
0.5
 73
0
 45
1.0
 46
1.0
 77
1
  4

 78
1
 79
1
170
1
 48
1.0
171
1
  6

172
1
173
1
174
1
140
1.0
141
1.0
175
1
  7

176
1
177
1
178
1
143
1.0
179
1
  8

270
1
271
1
272
1
145
1.0
146
1.0
273
1
  9

274
1
275
1
276
1
 42
1.0
 72
1
  3

 73
1
 74
1
 75
1
 94
63
  0
MLINESTYLE
  5
22
102
{ACAD_REACTORS
330
10
102
}
330
10
100
AcDbMlineStyle
  2
Standard
 70
0
  3

 62
256
 51
90.0
 52
90.0
 71
2
 49
0.5
 62
256
  6
BYLAYER
 49
-0.5
 62
256
  6
BYLAYER
  0
MLEADERSTYLE
  5
2C
102
{ACAD_REACTORS
330
F
102
}
330
F
100
AcDbMLeaderStyle
179
2
170
2
171
1
172
0
 90
2
 40
0.0
 41
0.0
173
1
 91
-1056964608
 92
-2
290
1
 42
2.0
291
1
 43
8.0
  3
Standard
 44
4.0
300

342
29
174
1
175
1
176
0
178
1
 93
-1056964608
 45
4.0
292
0
297
0
 46
4.0
 94
-1056964608
 47
1.0
 49
1.0
140
1.0
294
1
141
0.0
177
0
142
1.0
295
0
296
0
143
3.75
271
0
272
9
273
9
  0
DICTIONARY
  5
2D
330
A
100
AcDbDictionary
281
1
  3
CREATED_BY_EZDXF
350
2E
  3
WRITTEN_BY_EZDXF
350
38
  0
DICTIONARYVAR
  5
2E
330
2D
100
DictionaryVariables
280
0
  1
1.1.4 @ 2026-08-21T02:54:09.518958+00:00
  0
DICTIONARYVAR
  5
38
330
2D
100
DictionaryVariables
280
0
  1
1.1.4 @ 2026-08-21T02:54:09.670656+00:00
  0
ENDSEC
  0
EOF
